,name,country,subcountry,geonameid
8790,Pūnch,India,Kashmir,1167718
8791,Keelakarai,India,Tamil Nadu,1252646
8792,Zunheboto,India,Nagaland,1252653
8793,Zamānia,India,Uttar Pradesh,1252692
8794,Zaidpur,India,Uttar Pradesh,1252698
8795,Zahirābād,India,Telangana,1252699
8796,Yeola,India,Maharashtra,1252738
8797,Yellāpur,India,Karnataka,1252744
8798,Yellandu,India,Telangana,1252745
8799,Yelahanka,India,Karnataka,1252758
8800,Yavatmāl,India,Maharashtra,1252770
8801,Yāval,India,Maharashtra,1252773
8802,Yanam,India,Andhra Pradesh,1252795
8803,Yamunānagar,India,Haryana,1252797
8804,Yādgīr,India,Karnataka,1252822
8805,Wokha,India,Nagaland,1252840
8806,Wer,India,Rajasthan,1252885
8807,Wellington,India,Tamil Nadu,1252887
8808,Wazīrganj,India,Uttar Pradesh,1252892
8809,Wāshīm,India,Maharashtra,1252908
8810,Warud,India,Maharashtra,1252919
8811,Warora,India,Maharashtra,1252925
8812,Wāris Alīganj,India,Bihar,1252930
8813,Wardha,India,Maharashtra,1252942
8814,Wārāseonī,India,Madhya Pradesh,1252946
8815,Warangal,India,Telangana,1252948
8816,Wanparti,India,Telangana,1252956
8817,Wānkāner,India,Gujarat,1252958
8818,Wani,India,Maharashtra,1252960
8819,Walajapet,India,Tamil Nadu,1252997
8820,Wai,India,Maharashtra,1253013
8821,Wādi,India,Karnataka,1253041
8822,Vyāra,India,Gujarat,1253074
8823,Vuyyūru,India,Andhra Pradesh,1253077
8824,Vrindāvan,India,Uttar Pradesh,1253079
8825,Vriddhāchalam,India,Tamil Nadu,1253080
8826,Vizianagaram,India,Andhra Pradesh,1253084
8827,Vite,India,Maharashtra,1253091
8828,Visnagar,India,Gujarat,1253095
8829,Visakhapatnam,India,Andhra Pradesh,1253102
8830,Vīsāvadar,India,Gujarat,1253105
8831,Virudunagar,India,Tamil Nadu,1253113
8832,Viravanallūr,India,Tamil Nadu,1253127
8833,Vīrarājendrapet,India,Karnataka,1253132
8834,Virār,India,Maharashtra,1253133
8835,Vinukonda,India,Andhra Pradesh,1253150
8836,Villupuram,India,Tamil Nadu,1253166
8837,Vikārābād,India,Telangana,1253182
8838,Vijayawada,India,Andhra Pradesh,1253184
8839,Vijāpur,India,Gujarat,1253193
8840,Vidisha,India,Madhya Pradesh,1253200
8841,Vettūr,India,Kerala,1253216
8842,Vettaikkaranpudur,India,Tamil Nadu,1253219
8843,Vetapālem,India,Andhra Pradesh,1253220
8844,Verāval,India,Gujarat,1253237
8845,Vepagunta,India,Andhra Pradesh,1253242
8846,Venkatagiri,India,Andhra Pradesh,1253251
8847,Vemalwāda,India,Telangana,1253275
8848,Velur,India,Tamil Nadu,1253278
8849,Vellore,India,Tamil Nadu,1253286
8850,Vejalpur,India,Gujarat,1253315
8851,Vedaraniyam,India,Tamil Nadu,1253330
8852,Vayalār,India,Kerala,1253340
8853,Vattalkundu,India,Tamil Nadu,1253352
8854,Vāsudevanallūr,India,Tamil Nadu,1253357
8855,Vasind,India,Maharashtra,1253363
8856,Vāsco Da Gāma,India,Goa,1253367
8857,Vasa,India,Gujarat,1253374
8858,Varkala,India,Kerala,1253392
8859,Varangaon,India,Maharashtra,1253403
8860,Varanasi,India,Uttar Pradesh,1253405
8861,Vaniyambadi,India,Tamil Nadu,1253437
8862,Vandavāsi,India,Tamil Nadu,1253452
8863,Valsād,India,Gujarat,1253468
8864,Valparai,India,Tamil Nadu,1253472
8865,Vallabh Vidyanagar,India,Gujarat,1253482
8866,Valabhīpur,India,Gujarat,1253512
8867,Vaikam,India,Kerala,1253544
8868,Vaijāpur,India,Maharashtra,1253545
8869,Vadodara,India,Gujarat,1253573
8870,Vadnagar,India,Gujarat,1253577
8871,Vadlapūdi,India,Andhra Pradesh,1253578
8872,Vādippatti,India,Tamil Nadu,1253579
8873,Vadamadurai,India,Tamil Nadu,1253595
8874,Vadakku Valliyūr,India,Tamil Nadu,1253605
8875,Vāda,India,Maharashtra,1253610
8876,Uttiramerūr,India,Tamil Nadu,1253623
8877,Uttarkāshi,India,Uttarakhand,1253628
8878,Uttamapālaiyam,India,Tamil Nadu,1253635
8879,Utraula,India,Uttar Pradesh,1253638
8880,Usilampatti,India,Tamil Nadu,1253671
8881,Usehat,India,Uttar Pradesh,1253673
8882,Uravakonda,India,Andhra Pradesh,1253698
8883,Uran,India,Maharashtra,1253702
8884,Upleta,India,Gujarat,1253736
8885,Uppal Kalan,India,Telangana,1253744
8886,Unnāo,India,Uttar Pradesh,1253747
8887,Unjha,India,Gujarat,1253750
8888,Unhel,India,Madhya Pradesh,1253754
8889,Una,India,Himachal Pradesh,1253782
8890,Una,India,Gujarat,1253783
8891,Ūn,India,Uttar Pradesh,1253785
8892,Un,India,Gujarat,1253786
8893,Umreth,India,Gujarat,1253805
8894,Umred,India,Maharashtra,1253807
8895,Umarkot,India,Chhattisgarh,1253860
8896,Umarkhed,India,Maharashtra,1253861
8897,Umaria,India,Madhya Pradesh,1253863
8898,Umarga,India,Maharashtra,1253870
8899,Ullal,India,Karnataka,1253888
8900,Ulhasnagar,India,Maharashtra,1253894
8901,Ujjain,India,Madhya Pradesh,1253914
8902,Ujhāni,India,Uttar Pradesh,1253918
8903,Udumalaippettai,India,Tamil Nadu,1253944
8904,Udipi,India,Karnataka,1253952
8905,Udhampur,India,Kashmir,1253956
8906,Udgīr,India,Maharashtra,1253958
8907,Udankudi,India,Tamil Nadu,1253972
8908,Udalguri,India,Assam,1253977
8909,Udaipura,India,Madhya Pradesh,1253984
8910,Udaipur,India,Rajasthan,1253985
8911,Udaipur,India,Rajasthan,1253986
8912,Udaipur,India,Tripura,1253987
8913,Ooty,India,Tamil Nadu,1253993
8914,Bara Uchāna,India,Haryana,1254000
8915,Turaiyūr,India,Tamil Nadu,1254043
8916,Tura,India,Meghalaya,1254046
8917,Tuni,India,Andhra Pradesh,1254054
8918,Tūndla,India,Uttar Pradesh,1254069
8919,Tumsar,India,Maharashtra,1254080
8920,Tumkūr,India,Karnataka,1254089
8921,Tulsīpur,India,Uttar Pradesh,1254102
8922,Tuljāpur,India,Maharashtra,1254111
8923,Tufānganj,India,West Bengal,1254131
8924,Tuensang,India,Nagaland,1254133
8925,Thiruvananthapuram,India,Kerala,1254163
8926,Trichūr,India,Kerala,1254187
8927,Tonk,India,Rajasthan,1254241
8928,Tondi,India,Tamil Nadu,1254249
8929,Tohāna,India,Haryana,1254274
8930,Todaraisingh,India,Rajasthan,1254282
8931,Todabhim,India,Rajasthan,1254283
8932,Titlāgarh,India,Odisha,1254304
8933,Titāgarh,India,West Bengal,1254309
8934,Tisaiyanvilai,India,Tamil Nadu,1254317
8935,Tiruvottiyūr,India,Tamil Nadu,1254320
8936,Cheyyar,India,Tamil Nadu,1254322
8937,Tiruvannāmalai,India,Tamil Nadu,1254327
8938,Tiruvallur,India,Tamil Nadu,1254331
8939,Tiruvalla,India,Kerala,1254335
8940,Thiruthani,India,Tamil Nadu,1254342
8941,Tiruttangal,India,Tamil Nadu,1254343
8942,Tirur,India,Kerala,1254346
8943,Tiruppuvanam,India,Tamil Nadu,1254347
8944,Tiruppur,India,Tamil Nadu,1254348
8945,Tirupparangunram,India,Tamil Nadu,1254356
8946,Tirupati,India,Andhra Pradesh,1254360
8947,Tirunelveli,India,Tamil Nadu,1254361
8948,Tirumala,India,Andhra Pradesh,1254373
8949,Tirukkoyilur,India,Tamil Nadu,1254377
8950,Tiruchengode,India,Tamil Nadu,1254385
8951,Tiruchirappalli,India,Tamil Nadu,1254388
8952,Tiruchchendur,India,Tamil Nadu,1254390
8953,Tīrthahalli,India,Karnataka,1254396
8954,Tiptūr,India,Karnataka,1254420
8955,Tinsukia,India,Assam,1254432
8956,Tinnanūr,India,Tamil Nadu,1254436
8957,Tindivanam,India,Tamil Nadu,1254444
8958,Tilhar,India,Uttar Pradesh,1254481
8959,Tīkamgarh,India,Madhya Pradesh,1254534
8960,Tijāra,India,Rajasthan,1254538
8961,Thoubāl,India,Manipur,1254570
8962,Thiruvarur,India,Tamil Nadu,1254589
8963,Thāsra,India,Gujarat,1254624
8964,Tharād,India,Gujarat,1254638
8965,Thanjāvūr,India,Tamil Nadu,1254649
8966,Thānesar,India,Haryana,1254657
8967,Thāne,India,Maharashtra,1254661
8968,Thāna Bhawan,India,Uttar Pradesh,1254673
8969,Thān,India,Gujarat,1254675
8970,Thākurganj,India,Bihar,1254694
8971,Thakurdwara,India,Uttar Pradesh,1254695
8972,Tezpur,India,Assam,1254710
8973,Terdāl,India,Karnataka,1254727
8974,Teonthar,India,Madhya Pradesh,1254732
8975,Thenkasi,India,Tamil Nadu,1254744
8976,Teni,India,Tamil Nadu,1254745
8977,Tellicherry,India,Kerala,1254780
8978,Telhāra,India,Maharashtra,1254787
8979,Tekkali,India,Andhra Pradesh,1254794
8980,Tekkalakote,India,Karnataka,1254795
8981,Tekāri,India,Bihar,1254797
8982,Tehri,India,Uttarakhand,1254808
8983,Teghra,India,Bihar,1254813
8984,Tāsgaon,India,Maharashtra,1254858
8985,Tarn Tāran,India,Punjab,1254868
8986,Tarikere,India,Karnataka,1254880
8987,Tharangambadi,India,Tamil Nadu,1254904
8988,Tārānagar,India,Rajasthan,1254908
8989,Tarāna,India,Madhya Pradesh,1254909
8990,Tāramangalam,India,Tamil Nadu,1254910
8991,Tarakeswar,India,West Bengal,1254912
8992,Tāoru,India,Haryana,1254948
8993,Tanuku,India,Andhra Pradesh,1254953
8994,Tāndūr,India,Telangana,1255004
8995,Tānda,India,Uttar Pradesh,1255023
8996,Tāndā,India,Uttar Pradesh,1255024
8997,Tanakpur,India,Uttarakhand,1255027
8998,Tamlūk,India,West Bengal,1255046
8999,Talwāra,India,Punjab,1255076
9000,Talwandi Bhai,India,Punjab,1255082
9001,Taloda,India,Maharashtra,1255104
9002,Talipparamba,India,Kerala,1255121
9003,Tālīkota,India,Karnataka,1255122
9004,Taleigao,India,Goa,1255131
9005,Talegaon Dābhāde,India,Maharashtra,1255134
9006,Tālcher,India,Odisha,1255143
9007,Talāja,India,Gujarat,1255175
9008,Tāki,India,West Bengal,1255211
9009,Takhatpur,India,Chhattisgarh,1255212
9010,Takhatgarh,India,Rajasthan,1255213
9011,Tājpur,India,Uttar Pradesh,1255224
9012,Tādpatri,India,Andhra Pradesh,1255254
9013,Tādepallegūdem,India,Andhra Pradesh,1255264
9014,Tādepalle,India,Andhra Pradesh,1255265
9015,Suriāpet,India,Telangana,1255344
9016,Suriānwān,India,Uttar Pradesh,1255346
9017,Surendranagar,India,Gujarat,1255349
9018,Sūratgarh,India,Rajasthan,1255361
9019,Sūrat,India,Gujarat,1255364
9020,Sūrandai,India,Tamil Nadu,1255372
9021,Sūrajgarh,India,Rajasthan,1255383
9022,Supaul,India,Bihar,1255396
9023,Sunel,India,Rajasthan,1255425
9024,Sundarnagar,India,Himachal Pradesh,1255434
9025,Sundargarh,India,Odisha,1255437
9026,Sunām,India,Punjab,1255449
9027,Sulya,India,Karnataka,1255482
9028,Sūlūru,India,Andhra Pradesh,1255483
9029,Sulur,India,Tamil Nadu,1255484
9030,Sultanpur,India,Punjab,1255488
9031,Sultānpur,India,Uttar Pradesh,1255491
9032,Suket,India,Rajasthan,1255551
9033,Sūjāngarh,India,Rajasthan,1255560
9034,Suār,India,Uttar Pradesh,1255597
9035,Srivilliputhur,India,Tamil Nadu,1255616
9036,Srīvardhan,India,Maharashtra,1255619
9037,Srivaikuntam,India,Tamil Nadu,1255620
9038,Srīsailain,India,Andhra Pradesh,1255621
9039,Srīrāmnagar,India,Telangana,1255625
9040,Srīperumbūdūr,India,Tamil Nadu,1255630
9041,Srīnivāspur,India,Karnataka,1255631
9042,Srinagar,India,Kashmir,1255634
9043,Srīnagar,India,Uttarakhand,1255635
9044,Sri Mādhopur,India,Rajasthan,1255643
9045,Karanpur,India,Rajasthan,1255646
9046,Chicacole,India,Andhra Pradesh,1255647
9047,Sri Dūngargarh,India,Rajasthan,1255654
9048,Soygaon,India,Maharashtra,1255667
9049,Soron,India,Uttar Pradesh,1255704
9050,Soro,India,Odisha,1255705
9051,Sorada,India,Odisha,1255712
9052,Sopur,India,Kashmir,1255714
9053,Sonīpat,India,Haryana,1255744
9054,Songadh,India,Gujarat,1255762
9055,Sonepur,India,Odisha,1255763
9056,Sonāri,India,Assam,1255788
9057,Sonāmukhi,India,West Bengal,1255792
9058,Sompeta,India,Andhra Pradesh,1255816
9059,Someshwar,India,Karnataka,1255823
9060,Solan,India,Himachal Pradesh,1255850
9061,Sojītra,India,Gujarat,1255858
9062,Sojat,India,Rajasthan,1255860
9063,Sohna,India,Haryana,1255870
9064,Sohāgpur,India,Madhya Pradesh,1255884
9065,Siwāna,India,Rajasthan,1255925
9066,Siwān,India,Bihar,1255927
9067,Sivakasi,India,Tamil Nadu,1255947
9068,Sivagiri,India,Tamil Nadu,1255950
9069,Sivagiri,India,Tamil Nadu,1255951
9070,Sivaganga,India,Tamil Nadu,1255953
9071,Siuri,India,West Bengal,1255955
9072,Sitārganj,India,Uttarakhand,1255963
9073,Sītāpur,India,Uttar Pradesh,1255969
9074,Sītāmarhi,India,Bihar,1255983
9075,Siswā Bāzār,India,Uttar Pradesh,1255995
9076,Sisauli,India,Uttar Pradesh,1256003
9077,Sirūr,India,Maharashtra,1256025
9078,Sirumugai,India,Tamil Nadu,1256027
9079,Siruguppa,India,Karnataka,1256029
9080,Sirsilla,India,Telangana,1256039
9081,Sirsi,India,Uttar Pradesh,1256040
9082,Sirsi,India,Karnataka,1256047
9083,Sirsāganj,India,Uttar Pradesh,1256050
9084,Sirsa,India,Haryana,1256052
9085,Sironj,India,Madhya Pradesh,1256064
9086,Sirohi,India,Rajasthan,1256067
9087,Sīrkāzhi,India,Tamil Nadu,1256075
9088,Sirhind,India,Punjab,1256087
9089,Sīra,India,Karnataka,1256104
9090,Sinnar,India,Maharashtra,1256119
9091,Singur,India,West Bengal,1256124
9092,Singarāyakonda,India,Andhra Pradesh,1256176
9093,Singānallūr,India,Tamil Nadu,1256184
9094,Sindhnūr,India,Karnataka,1256207
9095,Sindgi,India,Karnataka,1256214
9096,Shimla,India,Himachal Pradesh,1256237
9097,Simdega,India,Jharkhand,1256246
9098,Silvassa,India,Dadra and Nagar Haveli,1256259
9099,Sillod,India,Maharashtra,1256269
9100,Silchar,India,Assam,1256287
9101,Silao,India,Bihar,1256295
9102,Sīkar,India,Rajasthan,1256320
9103,Sikandra Rao,India,Uttar Pradesh,1256322
9104,Sikandarpur,India,Uttar Pradesh,1256328
9105,Sikandarābād,India,Uttar Pradesh,1256329
9106,Sikka,India,Gujarat,1256333
9107,Sijua,India,Jharkhand,1256335
9108,Sihorā,India,Madhya Pradesh,1256340
9109,Sihor,India,Gujarat,1256343
9110,Sidlaghatta,India,Karnataka,1256363
9111,Sidhi,India,Madhya Pradesh,1256369
9112,Sidhaulī,India,Uttar Pradesh,1256372
9113,Siddipet,India,Telangana,1256377
9114,Siddhapur,India,Gujarat,1256382
9115,Sibsāgar,India,Assam,1256388
9116,Shyamnagar,India,West Bengal,1256409
9117,Shujālpur,India,Madhya Pradesh,1256418
9118,Shrīrangapattana,India,Karnataka,1256421
9119,Shrīrāmpur,India,West Bengal,1256422
9120,Shrīgonda,India,Maharashtra,1256426
9121,Shorāpur,India,Karnataka,1256431
9122,Shoranūr,India,Kerala,1256432
9123,Sholinghur,India,Tamil Nadu,1256435
9124,Solāpur,India,Maharashtra,1256436
9125,Shivpuri,India,Madhya Pradesh,1256451
9126,Shīshgarh,India,Uttar Pradesh,1256468
9127,Shirpur,India,Maharashtra,1256475
9128,Shirhatti,India,Karnataka,1256483
9129,Shirdi,India,Maharashtra,1256489
9130,Shimoga,India,Karnataka,1256515
9131,Shillong,India,Meghalaya,1256523
9132,Shiliguri,India,West Bengal,1256525
9133,Shikohābād,India,Uttar Pradesh,1256529
9134,Shikārpūr,India,Uttar Pradesh,1256532
9135,Shikārpur,India,Karnataka,1256537
9136,Shiggaon,India,Karnataka,1256539
9137,Shertallai,India,Kerala,1256558
9138,Sherkot,India,Uttar Pradesh,1256569
9139,Sherghāti,India,Bihar,1256572
9140,Sheopur,India,Madhya Pradesh,1256593
9141,Sheohar,India,Bihar,1256597
9142,Sheoganj,India,Rajasthan,1256598
9143,Shegaon,India,Maharashtra,1256620
9144,Shāntipur,India,West Bengal,1256639
9145,Shamsābād,India,Uttar Pradesh,1256659
9146,Shamsābād,India,Uttar Pradesh,1256660
9147,Shāmli,India,Uttar Pradesh,1256671
9148,Shāmgarh,India,Madhya Pradesh,1256673
9149,Shājāpur,India,Madhya Pradesh,1256693
9150,Sheikhpura,India,Bihar,1256698
9151,Shāhpura,India,Rajasthan,1256705
9152,Shāhpura,India,Rajasthan,1256706
9153,Shāhpur,India,Uttar Pradesh,1256713
9154,Shāhpur,India,Bihar,1256715
9155,Shāhpur,India,Madhya Pradesh,1256720
9156,Shāhpur,India,Karnataka,1256722
9157,Shāhjānpur,India,Uttar Pradesh,1256728
9158,Shāhi,India,Uttar Pradesh,1256731
9159,Shāhganj,India,Uttar Pradesh,1256735
9160,Shahdol,India,Madhya Pradesh,1256739
9161,Shāhāda,India,Maharashtra,1256750
9162,Shāhābād,India,Haryana,1256752
9163,Shāhābād,India,Uttar Pradesh,1256753
9164,Shāhābād,India,Uttar Pradesh,1256755
9165,Shāhābād,India,Karnataka,1256759
9166,Serchhīp,India,Mizoram,1256812
9167,Seram,India,Karnataka,1256814
9168,Seoni Mālwa,India,Madhya Pradesh,1256823
9169,Seoni,India,Madhya Pradesh,1256826
9170,Seondha,India,Madhya Pradesh,1256828
9171,Seohāra,India,Uttar Pradesh,1256832
9172,Sendhwa,India,Madhya Pradesh,1256854
9173,Sehore,India,Madhya Pradesh,1256913
9174,Secunderabad,India,Telangana,1256922
9175,Sāyla,India,Gujarat,1256929
9176,Sawāi Mādhopur,India,Rajasthan,1256949
9177,Sāvda,India,Maharashtra,1256959
9178,Savanūr,India,Karnataka,1256967
9179,Sāvantvādi,India,Maharashtra,1256968
9180,Sausar,India,Madhya Pradesh,1256974
9181,Saundatti,India,Karnataka,1256983
9182,Sathyamangalam,India,Tamil Nadu,1256989
9183,Sattur,India,Tamil Nadu,1256995
9184,Sattenapalle,India,Andhra Pradesh,1257001
9185,Satna,India,Madhya Pradesh,1257022
9186,Sātāra,India,Maharashtra,1257055
9187,Satānā,India,Maharashtra,1257060
9188,Sāsvad,India,Maharashtra,1257066
9189,Sarwār,India,Rajasthan,1257093
9190,Sarkhej,India,Gujarat,1257149
9191,Sardulgarh,India,Punjab,1257191
9192,Sardhana,India,Uttar Pradesh,1257196
9193,Sardārshahr,India,Rajasthan,1257198
9194,Sarauli,India,Uttar Pradesh,1257219
9195,Sārangpur,India,Madhya Pradesh,1257237
9196,Saraipali,India,Chhattisgarh,1257259
9197,Sarāi Mīr,India,Uttar Pradesh,1257260
9198,Sarāi Ākil,India,Uttar Pradesh,1257268
9199,Saoner,India,Maharashtra,1257307
9200,Sānkrāil,India,West Bengal,1257354
9201,Sankeshwar,India,Karnataka,1257369
9202,Sangrūr,India,Punjab,1257402
9203,Sāngola,India,Maharashtra,1257409
9204,Sangod,India,Rajasthan,1257410
9205,Sāngli,India,Maharashtra,1257416
9206,Sangariā,India,Rajasthan,1257429
9207,Sangāreddi,India,Telangana,1257431
9208,Sangamner,India,Maharashtra,1257436
9209,Sandūr,India,Karnataka,1257456
9210,Sandīla,India,Uttar Pradesh,1257459
9211,Sāndi,India,Uttar Pradesh,1257461
9212,Sancoale,India,Goa,1257476
9213,Sānchor,India,Rajasthan,1257477
9214,Sanāwad,India,Madhya Pradesh,1257481
9215,Sanaur,India,Punjab,1257482
9216,Sānand,India,Gujarat,1257486
9217,Samthar,India,Uttar Pradesh,1257498
9218,Samrāla,India,Punjab,1257503
9219,Samdari,India,Rajasthan,1257528
9220,Sāmbhar,India,Rajasthan,1257539
9221,Sambhal,India,Uttar Pradesh,1257540
9222,Sambalpur,India,Odisha,1257542
9223,Sāmba,India,Kashmir,1257545
9224,Samāstipur,India,Bihar,1257551
9225,Sāmalkot,India,Andhra Pradesh,1257565
9226,Samālkha,India,Haryana,1257566
9227,Sālūr,India,Andhra Pradesh,1257587
9228,Sālūmbar,India,Rajasthan,1257588
9229,Salem,India,Tamil Nadu,1257629
9230,Salāya,India,Gujarat,1257638
9231,Saktī,India,Chhattisgarh,1257673
9232,Sakleshpur,India,Karnataka,1257698
9233,Saint Thomas Mount,India,Tamil Nadu,1257749
9234,Sainthia,India,West Bengal,1257751
9235,Selu,India,Maharashtra,1257762
9236,Saiha,India,Mizoram,1257771
9237,Saidpur,India,Uttar Pradesh,1257776
9238,Sāhibganj,India,Jharkhand,1257794
9239,Sahāwar,India,Uttar Pradesh,1257799
9240,Sahaswān,India,Uttar Pradesh,1257800
9241,Sahaspur,India,Uttar Pradesh,1257802
9242,Saharsa,India,Bihar,1257804
9243,Sahāranpur,India,Uttar Pradesh,1257806
9244,Sagauli,India,Bihar,1257830
9245,Saugor,India,Madhya Pradesh,1257845
9246,Sāgar,India,Karnataka,1257851
9247,Safīpur,India,Uttar Pradesh,1257854
9248,Safidon,India,Haryana,1257855
9249,Sādri,India,Rajasthan,1257865
9250,Sadāseopet,India,Telangana,1257890
9251,Sadalgi,India,Karnataka,1257895
9252,Sadābād,India,Uttar Pradesh,1257896
9253,Sabalgarh,India,Madhya Pradesh,1257928
9254,Rusera,India,Bihar,1257936
9255,Rura,India,Uttar Pradesh,1257940
9256,Ropar,India,Punjab,1257951
9257,Rūdarpur,India,Uttar Pradesh,1258012
9258,Roorkee,India,Uttarakhand,1258044
9259,Ron,India,Karnataka,1258061
9260,Rohtak,India,Haryana,1258076
9261,Roha,India,Maharashtra,1258099
9262,Robertsonpet,India,Karnataka,1258109
9263,Robertsganj,India,Uttar Pradesh,1258111
9264,Risod,India,Maharashtra,1258124
9265,Rishra,India,West Bengal,1258126
9266,Rishīkesh,India,Uttarakhand,1258128
9267,Rīngas,India,Rajasthan,1258140
9268,Richha,India,Uttar Pradesh,1258164
9269,Rewāri,India,Haryana,1258178
9270,Rewa,India,Madhya Pradesh,1258182
9271,Revelganj,India,Bihar,1258186
9272,Repalle,India,Andhra Pradesh,1258201
9273,Reoti,India,Uttar Pradesh,1258203
9274,Renukūt,India,Uttar Pradesh,1258207
9275,Renigunta,India,Andhra Pradesh,1258213
9276,Remuna,India,Odisha,1258229
9277,Rehli,India,Madhya Pradesh,1258247
9278,Rāzām,India,Andhra Pradesh,1258270
9279,Rāybāg,India,Karnataka,1258278
9280,Rāyadrug,India,Andhra Pradesh,1258290
9281,Rāyachoti,India,Andhra Pradesh,1258291
9282,Rāya,India,Uttar Pradesh,1258292
9283,Raxaul,India,Bihar,1258294
9284,Rāwatsār,India,Rajasthan,1258295
9285,Rāwatbhāta,India,Rajasthan,1258297
9286,Rāver,India,Maharashtra,1258307
9287,Ratnagiri,India,Maharashtra,1258338
9288,Ratlām,India,Madhya Pradesh,1258342
9289,Ratia,India,Haryana,1258347
9290,Rāth,India,Uttar Pradesh,1258352
9291,Ratanpur,India,Chhattisgarh,1258362
9292,Ratangarh,India,Rajasthan,1258366
9293,Rasrā,India,Uttar Pradesh,1258380
9294,Rasipuram,India,Tamil Nadu,1258386
9295,Rāpar,India,Gujarat,1258406
9296,Rānīpur,India,Uttar Pradesh,1258449
9297,Rānikhet,India,Uttarakhand,1258455
9298,Rānīganj,India,West Bengal,1258470
9299,Rānībennur,India,Karnataka,1258474
9300,Rānia,India,Haryana,1258477
9301,Rangia,India,Assam,1258492
9302,Rangāpāra,India,Assam,1258501
9303,Ranchi,India,Jharkhand,1258526
9304,Rānāvāv,India,Gujarat,1258534
9305,Rānāghāt,India,West Bengal,1258546
9306,Rāmtek,India,Maharashtra,1258553
9307,Rampur Hat,India,West Bengal,1258581
9308,Rāmpura,India,Punjab,1258584
9309,Rāmpura,India,Madhya Pradesh,1258592
9310,Rāmpur,India,Uttar Pradesh,1258598
9311,Rāmpur,India,Uttar Pradesh,1258599
9312,Rāmnagar,India,Uttarakhand,1258637
9313,Rāmnagar,India,Bihar,1258639
9314,Rāmnagar,India,Uttar Pradesh,1258642
9315,Rāmjībanpur,India,West Bengal,1258658
9316,Rāmgundam,India,Telangana,1258662
9317,Rāmgarh,India,Rajasthan,1258677
9318,Rāmgarh,India,Jharkhand,1258686
9319,Rāmganj Mandi,India,Rajasthan,1258692
9320,Rameswaram,India,Tamil Nadu,1258698
9321,Rāmāpuram,India,Andhra Pradesh,1258726
9322,Ramanathapuram,India,Tamil Nadu,1258740
9323,Rāmanagaram,India,Karnataka,1258744
9324,Rāmachandrapuram,India,Andhra Pradesh,1258756
9325,Rājūra,India,Maharashtra,1258786
9326,Rājula,India,Gujarat,1258795
9327,Rājsamand,India,Rajasthan,1258797
9328,Rājpura,India,Punjab,1258803
9329,Rajpur,India,Madhya Pradesh,1258815
9330,Rajpur,India,Madhya Pradesh,1258816
9331,Rājpīpla,India,Gujarat,1258819
9332,Rāj-Nāndgaon,India,Chhattisgarh,1258831
9333,Rājmahal,India,West Bengal,1258843
9334,Rājkot,India,Gujarat,1258847
9335,Rājgurunagar,India,Maharashtra,1258859
9336,Rājgīr,India,Bihar,1258864
9337,Rājgarh,India,Rajasthan,1258868
9338,Rājgarh,India,Rajasthan,1258869
9339,Rājgarh,India,Madhya Pradesh,1258875
9340,Rājgarh,India,Madhya Pradesh,1258876
9341,Rajaori,India,Kashmir,1258891
9342,Rajapalaiyam,India,Tamil Nadu,1258916
9343,Rājampet,India,Andhra Pradesh,1258922
9344,Rājaldesar,India,Rajasthan,1258928
9345,Rājākhera,India,Rajasthan,1258930
9346,Rājahmundry,India,Andhra Pradesh,1258932
9347,Rāisinghnagar,India,Rajasthan,1258950
9348,Raisen,India,Madhya Pradesh,1258952
9349,Rāipur,India,Uttarakhand,1258967
9350,Raipur,India,Rajasthan,1258972
9351,Raipur,India,Chhattisgarh,1258980
9352,Rāikot,India,Punjab,1258993
9353,Raigarh,India,Chhattisgarh,1259005
9354,Rāiganj,India,West Bengal,1259009
9355,Rāichūr,India,Karnataka,1259012
9356,Rāhuri,India,Maharashtra,1259019
9357,Rahimatpur,India,Maharashtra,1259026
9358,Rāhatgarh,India,Madhya Pradesh,1259034
9359,Raghunathpur,India,West Bengal,1259049
9360,Rāghogarh,India,Madhya Pradesh,1259056
9361,Rafiganj,India,Bihar,1259060
9362,Raebareli,India,Uttar Pradesh,1259064
9363,Rādhanpur,India,Gujarat,1259069
9364,Rabkavi,India,Karnataka,1259083
9365,Kollam,India,Kerala,1259091
9366,Kasba,India,Bihar,1259108
9367,Qādiān,India,Punjab,1259110
9368,Puttūr,India,Andhra Pradesh,1259123
9369,Puttūr,India,Karnataka,1259124
9370,Pushkar,India,Rajasthan,1259148
9371,Pusad,India,Maharashtra,1259154
9372,Purwā,India,Uttar Pradesh,1259157
9373,Puruliya,India,West Bengal,1259163
9374,Purnia,India,Bihar,1259166
9375,Pūrna,India,Maharashtra,1259177
9376,Puri,India,Odisha,1259184
9377,Pūranpur,India,Uttar Pradesh,1259190
9378,Pupri,India,Bihar,1259210
9379,Punjai Puliyampatti,India,Tamil Nadu,1259222
9380,Punganūru,India,Andhra Pradesh,1259228
9381,Pune,India,Maharashtra,1259229
9382,Pūndri,India,Haryana,1259231
9383,Punāsa,India,Madhya Pradesh,1259239
9384,Punalūr,India,Kerala,1259243
9385,Pūnāhāna,India,Haryana,1259244
9386,Pulwama,India,Kashmir,1259251
9387,Puliyangudi,India,Tamil Nadu,1259263
9388,Pulivendla,India,Andhra Pradesh,1259264
9389,Pulgaon,India,Maharashtra,1259272
9390,Pukhrāyān,India,Uttar Pradesh,1259283
9391,Pudukkottai,India,Tamil Nadu,1259297
9392,Proddatūr,India,Andhra Pradesh,1259312
9393,Pratāpgarh,India,Rajasthan,1259338
9394,Port Blair,India,Andaman and Nicobar Islands,1259385
9395,Porsa,India,Madhya Pradesh,1259388
9396,Porbandar,India,Gujarat,1259395
9397,Poonamalle,India,Tamil Nadu,1259400
9398,Ponnūru,India,Andhra Pradesh,1259408
9399,Ponneri,India,Tamil Nadu,1259409
9400,Ponnāni,India,Kerala,1259411
9401,Puducherry,India,Pondicherry,1259425
9402,Ponda,India,Goa,1259429
9403,Polūr,India,Tamil Nadu,1259434
9404,Pollachi,India,Tamil Nadu,1259440
9405,Polavaram,India,Andhra Pradesh,1259444
9406,Polasara,India,Odisha,1259446
9407,Pokaran,India,Rajasthan,1259460
9408,Pithorāgarh,India,Uttarakhand,1259503
9409,Pithāpuram,India,Andhra Pradesh,1259508
9410,Piro,India,Bihar,1259530
9411,Piriyāpatna,India,Karnataka,1259535
9412,Piravam,India,Kerala,1259541
9413,Pīpri,India,Maharashtra,1259552
9414,Pipraich,India,Uttar Pradesh,1259554
9415,Pipili,India,Odisha,1259592
9416,Pīpār,India,Rajasthan,1259608
9417,Pinjaur,India,Haryana,1259630
9418,Pindwāra,India,Rajasthan,1259638
9419,Pināhat,India,Uttar Pradesh,1259647
9420,Pimpri,India,Maharashtra,1259652
9421,Pilkhua,India,Uttar Pradesh,1259680
9422,Pīlibhīt,India,Uttar Pradesh,1259686
9423,Pilibangan,India,Rajasthan,1259688
9424,Pilāni,India,Rajasthan,1259693
9425,Pihānī,India,Uttar Pradesh,1259701
9426,Phulpur,India,Uttar Pradesh,1259735
9427,Phulera,India,Rajasthan,1259744
9428,Phulabāni,India,Odisha,1259756
9429,Phirangipuram,India,Andhra Pradesh,1259773
9430,Phillaur,India,Punjab,1259775
9431,Phek,India,Manipur,1259784
9432,Phaphūnd,India,Uttar Pradesh,1259801
9433,Phaltan,India,Maharashtra,1259811
9434,Phalodi,India,Rajasthan,1259813
9435,Phalauda,India,Uttar Pradesh,1259818
9436,Phagwāra,India,Punjab,1259827
9437,Petlād,India,Gujarat,1259841
9438,Perundurai,India,Tamil Nadu,1259855
9439,Perumpāvūr,India,Kerala,1259857
9440,Periyanayakkanpalaiyam,India,Tamil Nadu,1259878
9441,Periyakulam,India,Tamil Nadu,1259879
9442,Peravurani,India,Tamil Nadu,1259890
9443,Peranāmpattu,India,Tamil Nadu,1259892
9444,Perambalur,India,Tamil Nadu,1259896
9445,Penukonda,India,Andhra Pradesh,1259905
9446,Penugonda,India,Andhra Pradesh,1259907
9447,Pennāgaram,India,Tamil Nadu,1259916
9448,Pennādam,India,Tamil Nadu,1259917
9449,Pen,India,Maharashtra,1259931
9450,Pehowa,India,Haryana,1259939
9451,Peddāpuram,India,Andhra Pradesh,1259954
9452,Peddapalli,India,Telangana,1259961
9453,Pedana,India,Andhra Pradesh,1259986
9454,Payyannūr,India,Kerala,1259994
9455,Pawāyan,India,Uttar Pradesh,1260003
9456,Pāvugada,India,Karnataka,1260014
9457,Pauri,India,Uttarakhand,1260016
9458,Pawni,India,Maharashtra,1260022
9459,Pātūr,India,Maharashtra,1260035
9460,Pattukkottai,India,Tamil Nadu,1260040
9461,Patti,India,Punjab,1260045
9462,Patnāgarh,India,Odisha,1260082
9463,Patna,India,Bihar,1260086
9464,Patiāla,India,Punjab,1260107
9465,Pāthri,India,Maharashtra,1260120
9466,Patharia,India,Madhya Pradesh,1260129
9467,Pāthardih,India,Jharkhand,1260134
9468,Pāthardi,India,Maharashtra,1260135
9469,Pathānkot,India,Punjab,1260137
9470,Pathanāmthitta,India,Kerala,1260138
9471,Pathalgaon,India,Chhattisgarh,1260141
9472,Pataudi,India,Haryana,1260156
9473,Patancheru,India,Telangana,1260168
9474,Pātan,India,Gujarat,1260173
9475,Patāmundai,India,Odisha,1260178
9476,Pāsighāt,India,Arunachal Pradesh,1260206
9477,Pasān,India,Chhattisgarh,1260210
9478,Parvatsar,India,Rajasthan,1260221
9479,Pārvatipuram,India,Andhra Pradesh,1260222
9480,Partūr,India,Maharashtra,1260228
9481,Parola,India,Maharashtra,1260274
9482,Parli Vaijnāth,India,Maharashtra,1260290
9483,Parlākimidi,India,Andhra Pradesh,1260296
9484,Pariyāpuram,India,Kerala,1260304
9485,Parīchhatgarh,India,Uttar Pradesh,1260313
9486,Pārdi,India,Gujarat,1260335
9487,Parbhani,India,Maharashtra,1260341
9488,Paravūr,India,Kerala,1260354
9489,Parāsia,India,Madhya Pradesh,1260368
9490,Paramagudi,India,Tamil Nadu,1260387
9491,Parādīp Garh,India,Odisha,1260393
9492,Pāppinisshēri,India,Kerala,1260406
9493,Papanasam,India,Tamil Nadu,1260417
9494,Pāonta Sāhib,India,Himachal Pradesh,1260421
9495,Panvel,India,Maharashtra,1260434
9496,Panruti,India,Tamil Nadu,1260448
9497,Panna,India,Madhya Pradesh,1260454
9498,Panmana,India,Kerala,1260456
9499,Pānīpat,India,Haryana,1260476
9500,Pānihāti,India,West Bengal,1260482
9501,Pandua,India,West Bengal,1260527
9502,Pāndhurnā,India,Madhya Pradesh,1260543
9503,Pandharpur,India,Maharashtra,1260546
9504,French Rocks,India,Karnataka,1260553
9505,Panaji,India,Goa,1260607
9506,Panāgar,India,Madhya Pradesh,1260612
9507,Palwal,India,Haryana,1260637
9508,Pāloncha,India,Telangana,1260667
9509,Palani,India,Tamil Nadu,1260671
9510,Palmaner,India,Andhra Pradesh,1260674
9511,Pallippatti,India,Tamil Nadu,1260681
9512,Pallikondai,India,Tamil Nadu,1260685
9513,Pallāvaram,India,Tamil Nadu,1260692
9514,Pallappatti,India,Tamil Nadu,1260694
9515,Palladam,India,Tamil Nadu,1260697
9516,Pālkonda,India,Andhra Pradesh,1260702
9517,Pālitāna,India,Gujarat,1260707
9518,Paliā Kalān,India,Uttar Pradesh,1260713
9519,Pāli,India,Rajasthan,1260716
9520,Pāli,India,Madhya Pradesh,1260718
9521,Palakkad,India,Kerala,1260728
9522,Pālghar,India,Maharashtra,1260730
9523,Palera,India,Madhya Pradesh,1260734
9524,Palāsa,India,Andhra Pradesh,1260771
9525,Pālanpur,India,Gujarat,1260777
9526,Pālakollu,India,Andhra Pradesh,1260792
9527,Pālakkodu,India,Tamil Nadu,1260793
9528,Pākaur,India,Jharkhand,1260824
9529,Pākāla,India,Andhra Pradesh,1260830
9530,Paithan,India,Maharashtra,1260833
9531,Pahāsu,India,Uttar Pradesh,1260868
9532,Padrauna,India,Uttar Pradesh,1260909
9533,Padra,India,Gujarat,1260911
9534,Padmanābhapuram,India,Tamil Nadu,1260918
9535,Padampur,India,Rajasthan,1260938
9536,Padampur,India,Odisha,1260940
9537,Padam,India,Kashmir,1260942
9538,Pachperwa,India,Uttar Pradesh,1260954
9539,Pāchora,India,Maharashtra,1260959
9540,Ottappālam,India,Kerala,1261008
9541,Osmanabad,India,Maharashtra,1261012
9542,Orai,India,Uttar Pradesh,1261039
9543,Ongole,India,Andhra Pradesh,1261045
9544,Okha,India,Gujarat,1261066
9545,Ozar,India,Maharashtra,1261068
9546,Obra,India,Uttar Pradesh,1261086
9547,Nūzvīd,India,Andhra Pradesh,1261110
9548,Nūrpur,India,Uttar Pradesh,1261122
9549,Nowrangapur,India,Odisha,1261162
9550,North Lakhimpur,India,Assam,1261181
9551,North Guwāhāti,India,Assam,1261186
9552,Nongstoin,India,Meghalaya,1261205
9553,Nokha,India,Rajasthan,1261227
9554,Nohar,India,Rajasthan,1261234
9555,Noāmundi,India,Jharkhand,1261242
9556,Nizāmābād,India,Telangana,1261258
9557,Nirmāli,India,Bihar,1261285
9558,Nirmal,India,Telangana,1261288
9559,Nipāni,India,Maharashtra,1261309
9560,Neem ka Thana,India,Rajasthan,1261342
9561,Nīmbāhera,India,Rajasthan,1261369
9562,Nimāparha,India,Odisha,1261375
9563,Nīmāj,India,Rajasthan,1261378
9564,Nīlokheri,India,Haryana,1261382
9565,Nīlēshwar,India,Kerala,1261394
9566,Nilanga,India,Maharashtra,1261396
9567,Nilakottai,India,Tamil Nadu,1261401
9568,Nīlgiri,India,Odisha,1261402
9569,Nihtaur,India,Uttar Pradesh,1261415
9570,Nidadavole,India,Andhra Pradesh,1261446
9571,Nichlaul,India,Uttar Pradesh,1261451
9572,Neyyāttinkara,India,Kerala,1261470
9573,New Delhi,India,NCT,1261481
9574,Neral,India,Maharashtra,1261512
9575,Nepānagar,India,Madhya Pradesh,1261517
9576,Nellore,India,Andhra Pradesh,1261529
9577,Nellikkuppam,India,Tamil Nadu,1261532
9578,Nelamangala,India,Karnataka,1261539
9579,Nedumangād,India,Kerala,1261553
9580,Nāyudupeta,India,Andhra Pradesh,1261567
9581,Nayāgarh,India,Odisha,1261580
9582,Nawāshahr,India,Punjab,1261598
9583,Nawalgarh,India,Rajasthan,1261613
9584,Niwai,India,Rajasthan,1261614
9585,Nawāda,India,Bihar,1261631
9586,Nawābganj,India,Uttar Pradesh,1261639
9587,Nawābganj,India,Uttar Pradesh,1261641
9588,Nawābganj,India,Uttar Pradesh,1261642
9589,Nāwa,India,Rajasthan,1261647
9590,Navalgund,India,Karnataka,1261667
9591,Navadwīp,India,West Bengal,1261669
9592,Nautanwa,India,Uttar Pradesh,1261672
9593,Naugachhia,India,Bihar,1261696
9594,Nattam,India,Tamil Nadu,1261705
9595,Nāthdwāra,India,Rajasthan,1261711
9596,Nasrullāhganj,India,Madhya Pradesh,1261721
9597,Nāsriganj,India,Bihar,1261722
9598,Nāspur,India,Telangana,1261726
9599,Nasīrābād,India,Rajasthan,1261727
9600,Nashik,India,Maharashtra,1261731
9601,Narwar,India,Madhya Pradesh,1261736
9602,Narwāna,India,Haryana,1261739
9603,Narsīpatnam,India,Andhra Pradesh,1261748
9604,Narsinghgarh,India,Madhya Pradesh,1261752
9605,Narsimhapur,India,Madhya Pradesh,1261754
9606,Nārnaund,India,Haryana,1261771
9607,Nārnaul,India,Haryana,1261772
9608,Nargund,India,Karnataka,1261800
9609,Naregal,India,Karnataka,1261810
9610,Nārāyanpet,India,Telangana,1261823
9611,Narāyangarh,India,Haryana,1261828
9612,Nāravārikuppam,India,Tamil Nadu,1261835
9613,Naraura,India,Uttar Pradesh,1261837
9614,Narauli,India,Uttar Pradesh,1261839
9615,Narasaraopet,India,Andhra Pradesh,1261848
9616,Narasapur,India,Andhra Pradesh,1261852
9617,Narasannapeta,India,Andhra Pradesh,1261853
9618,Naraini,India,Madhya Pradesh,1261871
9619,Naraina,India,Rajasthan,1261872
9620,Napāsar,India,Rajasthan,1261882
9621,Nānpāra,India,Uttar Pradesh,1261901
9622,Nanjangūd,India,Karnataka,1261910
9623,Nāngloi Jāt,India,NCT,1261913
9624,Nāngal Township,India,Punjab,1261922
9625,Nandyāl,India,Andhra Pradesh,1261927
9626,Nandurbar,India,Maharashtra,1261931
9627,Nāndūra Buzurg,India,Maharashtra,1261932
9628,Nandikotkūr,India,Andhra Pradesh,1261957
9629,Nandigāma,India,Andhra Pradesh,1261960
9630,Nāndgaon,India,Maharashtra,1261971
9631,Nanded,India,Maharashtra,1261977
9632,Nanauta,India,Uttar Pradesh,1261998
9633,Nāmrup,India,Assam,1262013
9634,Nambiyūr,India,Tamil Nadu,1262034
9635,Nāmakkal,India,Tamil Nadu,1262039
9636,Nāmagiripettai,India,Tamil Nadu,1262040
9637,Nalhāti,India,West Bengal,1262065
9638,Nalgonda,India,Telangana,1262067
9639,Naldurg,India,Maharashtra,1262073
9640,Nakūr,India,Uttar Pradesh,1262089
9641,Naksalbāri,India,West Bengal,1262092
9642,Nakodar,India,Punjab,1262097
9643,Najībābād,India,Uttar Pradesh,1262109
9644,Nainwa,India,Rajasthan,1262115
9645,Nainpur,India,Madhya Pradesh,1262116
9646,Naini Tāl,India,Uttarakhand,1262117
9647,Naihāti,India,West Bengal,1262131
9648,Nahorkatiya,India,Assam,1262140
9649,Nāhan,India,Himachal Pradesh,1262151
9650,Nagpur,India,Maharashtra,1262180
9651,Nāgod,India,Madhya Pradesh,1262187
9652,Nagīna,India,Uttar Pradesh,1262200
9653,Nāgercoil,India,Tamil Nadu,1262204
9654,Nagda,India,Madhya Pradesh,1262209
9655,Nāgaur,India,Rajasthan,1262216
9656,Nāgar Karnūl,India,Telangana,1262230
9657,Nagari,India,Andhra Pradesh,1262240
9658,Nagar,India,Rajasthan,1262253
9659,Nāgappattinam,India,Tamil Nadu,1262260
9660,Nāgamangala,India,Karnataka,1262266
9661,Naduvannūr,India,Kerala,1262285
9662,Nadiād,India,Gujarat,1262292
9663,Nādbai,India,Rajasthan,1262296
9664,Nādāpuram,India,Kerala,1262302
9665,Nabīnagar,India,Bihar,1262318
9666,Nābha,India,Punjab,1262319
9667,Mysore,India,Karnataka,1262321
9668,Muzaffarpur,India,Bihar,1262330
9669,Muzaffarnagar,India,Uttar Pradesh,1262332
9670,Mūvattupula,India,Kerala,1262338
9671,Muttupet,India,Tamil Nadu,1262346
9672,Mussoorie,India,Uttarakhand,1262374
9673,Musiri,India,Tamil Nadu,1262380
9674,Mushābani,India,Jharkhand,1262382
9675,Murwāra,India,Madhya Pradesh,1262395
9676,Murtajāpur,India,Maharashtra,1262410
9677,Murshidābād,India,West Bengal,1262412
9678,Murlīganj,India,Bihar,1262419
9679,Morinda,India,Punjab,1262426
9680,Murbād,India,Maharashtra,1262444
9681,Murādnagar,India,Uttar Pradesh,1262453
9682,Munnar,India,Kerala,1262463
9683,Monghyr,India,Bihar,1262482
9684,Mungeli,India,Chhattisgarh,1262484
9685,Mungaoli,India,Madhya Pradesh,1262485
9686,Mūndwa,India,Rajasthan,1262491
9687,Mundra,India,Gujarat,1262497
9688,Mundgod,India,Karnataka,1262510
9689,Mundargi,India,Karnataka,1262516
9690,Multai,India,Madhya Pradesh,1262534
9691,Mūlki,India,Karnataka,1262546
9692,Mulgund,India,Karnataka,1262553
9693,Mulbāgal,India,Karnataka,1262562
9694,Muluppilagadu,India,Kerala,1262566
9695,Mūl,India,Maharashtra,1262574
9696,Muktsar,India,Punjab,1262578
9697,Mukher,India,Maharashtra,1262591
9698,Mukeriān,India,Punjab,1262596
9699,Muhammadābād,India,Uttar Pradesh,1262624
9700,Muhammadābād,India,Uttar Pradesh,1262625
9701,Muhammadābād,India,Uttar Pradesh,1262626
9702,Mughal Sarāi,India,Uttar Pradesh,1262634
9703,Mudkhed,India,Maharashtra,1262651
9704,Mudhol,India,Karnataka,1262663
9705,Mudgal,India,Karnataka,1262664
9706,Muddebihāl,India,Karnataka,1262669
9707,Mūdbidri,India,Karnataka,1262672
9708,Mubārakpur,India,Uttar Pradesh,1262678
9709,Mothīhāri,India,Bihar,1262710
9710,Morwa,India,Gujarat,1262734
9711,Morsi,India,Maharashtra,1262740
9712,Morena,India,Madhya Pradesh,1262771
9713,Morbi,India,Gujarat,1262775
9714,Morār,India,Madhya Pradesh,1262783
9715,Moram,India,Maharashtra,1262794
9716,Morādābād,India,Uttar Pradesh,1262801
9717,Mon,India,Nagaland,1262824
9718,Mokokchūng,India,Nagaland,1262843
9719,Mokameh,India,Bihar,1262852
9720,Moirāng,India,Manipur,1262863
9721,Moga,India,Punjab,1262951
9722,Modāsa,India,Gujarat,1262958
9723,Misrikh,India,Uttar Pradesh,1262988
9724,Mirzāpur,India,Uttar Pradesh,1262995
9725,Miriālgūda,India,Telangana,1263012
9726,Mīrganj,India,Uttar Pradesh,1263015
9727,Mīrānpur Katra,India,Uttar Pradesh,1263021
9728,Mīrānpur,India,Uttar Pradesh,1263022
9729,Mīnjūr,India,Tamil Nadu,1263034
9730,Milak,India,Uttar Pradesh,1263051
9731,Mihona,India,Madhya Pradesh,1263057
9732,Mhāsvād,India,Maharashtra,1263083
9733,Mettur,India,Tamil Nadu,1263101
9734,Mettupalayam,India,Tamil Nadu,1263103
9735,Merta,India,Rajasthan,1263120
9736,Mendarda,India,Gujarat,1263142
9737,Memāri,India,West Bengal,1263148
9738,Melur,India,Tamil Nadu,1263151
9739,Mehndāwal,India,Uttar Pradesh,1263185
9740,Mehekar,India,Maharashtra,1263195
9741,Meerut,India,Uttar Pradesh,1263214
9742,Medinīpur,India,West Bengal,1263220
9743,Medak,India,Telangana,1263230
9744,Mayiladuthurai,India,Tamil Nadu,1263247
9745,Mayāng Imphāl,India,Manipur,1263255
9746,Mawāna,India,Uttar Pradesh,1263275
9747,Mavoor,India,Kerala,1263280
9748,Māvelikara,India,Kerala,1263285
9749,Maur,India,Punjab,1263293
9750,Mauganj,India,Madhya Pradesh,1263300
9751,Maudaha,India,Uttar Pradesh,1263303
9752,Mau Aimma,India,Uttar Pradesh,1263306
9753,Mau,India,Madhya Pradesh,1263309
9754,Mau,India,Uttar Pradesh,1263311
9755,Mattanūr,India,Kerala,1263331
9756,Mathura,India,Uttar Pradesh,1263364
9757,Mātābhānga,India,West Bengal,1263395
9758,Masaurhi Buzurg,India,Bihar,1263427
9759,Marmagao,India,Goa,1263494
9760,Mārkāpur,India,Andhra Pradesh,1263504
9761,Mariāni,India,Assam,1263522
9762,Mariāhu,India,Uttar Pradesh,1263523
9763,Marhaura,India,Bihar,1263528
9764,Margherita,India,Arunachal Pradesh,1263532
9765,Marakkanam,India,Tamil Nadu,1263564
9766,Mārahra,India,Uttar Pradesh,1263567
9767,Māpuca,India,Goa,1263580
9768,Mānwat,India,Maharashtra,1263591
9769,Mānvi,India,Karnataka,1263594
9770,Manthani,India,Telangana,1263610
9771,Mānsa,India,Punjab,1263622
9772,Mānsa,India,Gujarat,1263623
9773,Manoharpur,India,Rajasthan,1263649
9774,Mannargudi,India,Tamil Nadu,1263659
9775,Mannārakkāt,India,Kerala,1263661
9776,Manmād,India,Maharashtra,1263664
9777,Mankāchar,India,Meghalaya,1263678
9778,Mājalgaon,India,Maharashtra,1263684
9779,Manjhanpur,India,Uttar Pradesh,1263691
9780,Manjeri,India,Kerala,1263694
9781,Manihāri,India,Bihar,1263723
9782,Maniar,India,Uttar Pradesh,1263730
9783,Mangrūl Pīr,India,Maharashtra,1263744
9784,Māngrol,India,Rajasthan,1263751
9785,Māngrol,India,Gujarat,1263752
9786,Manglaur,India,Uttarakhand,1263761
9787,Mangalore,India,Karnataka,1263780
9788,Mangaldai,India,Assam,1263787
9789,Mangalagiri,India,Andhra Pradesh,1263797
9790,Maner,India,Bihar,1263807
9791,Mandya,India,Karnataka,1263814
9792,Māndvi,India,Gujarat,1263824
9793,Māndvi,India,Gujarat,1263826
9794,Māndu,India,Madhya Pradesh,1263833
9795,Mandsaur,India,Madhya Pradesh,1263834
9796,Mandlā,India,Madhya Pradesh,1263852
9797,Mandi,India,Himachal Pradesh,1263862
9798,Mandāwar,India,Uttar Pradesh,1263879
9799,Mandapeta,India,Andhra Pradesh,1263898
9800,Mandapam,India,Tamil Nadu,1263900
9801,Māndalgarh,India,Rajasthan,1263911
9802,Māndal,India,Rajasthan,1263917
9803,Mancherāl,India,Telangana,1263936
9804,Manāwar,India,Madhya Pradesh,1263940
9805,Mānāvadar,India,Gujarat,1263943
9806,Manāsa,India,Madhya Pradesh,1263949
9807,Manapparai,India,Tamil Nadu,1263952
9808,Manamadurai,India,Tamil Nadu,1263965
9809,Manali,India,Tamil Nadu,1263968
9810,Mālvan,India,Maharashtra,1264007
9811,Mālūr,India,Karnataka,1264010
9812,Mālpura,India,Rajasthan,1264032
9813,Malpe,India,Karnataka,1264037
9814,Mallasamudram,India,Tamil Nadu,1264047
9815,Malkāpur,India,Maharashtra,1264071
9816,Malakanagiri,India,Odisha,1264075
9817,Malīhābād,India,Uttar Pradesh,1264085
9818,Māler Kotla,India,Punjab,1264111
9819,Mālegaon,India,Maharashtra,1264115
9820,Malavalli,India,Karnataka,1264136
9821,Malaut,India,Punjab,1264138
9822,Malappuram,India,Kerala,1264154
9823,Mākum,India,Assam,1264196
9824,Maksi,India,Madhya Pradesh,1264198
9825,Makrāna,India,Rajasthan,1264206
9826,Mairwa,India,Bihar,1264282
9827,Mainpuri,India,Uttar Pradesh,1264292
9828,Maināguri,India,West Bengal,1264301
9829,Maihar,India,Madhya Pradesh,1264317
9830,Mahwah,India,Rajasthan,1264323
9831,Mahudha,India,Gujarat,1264344
9832,Maholi,India,Uttar Pradesh,1264356
9833,Mahobā,India,Uttar Pradesh,1264359
9834,Mahmudābād,India,Uttar Pradesh,1264363
9835,Mahīshādal,India,West Bengal,1264368
9836,Mahgawān,India,Madhya Pradesh,1264383
9837,Maheshwar,India,Madhya Pradesh,1264385
9838,Mahendragarh,India,Haryana,1264395
9839,Mahemdāvād,India,Gujarat,1264398
9840,Mahē,India,Kerala,1264403
9841,Mahbūbnagar,India,Telangana,1264407
9842,Mahbūbābād,India,Telangana,1264409
9843,Mahāsamund,India,Chhattisgarh,1264414
9844,Mahārāganj,India,Uttar Pradesh,1264433
9845,Mahārājgani,India,Bihar,1264436
9846,Maham,India,Haryana,1264455
9847,Mahālingpur,India,Karnataka,1264457
9848,Mahād,India,Maharashtra,1264489
9849,Maghar,India,Uttar Pradesh,1264504
9850,Māgadi,India,Karnataka,1264514
9851,Madurāntakam,India,Tamil Nadu,1264520
9852,Madurai,India,Tamil Nadu,1264521
9853,Madukkūr,India,Tamil Nadu,1264523
9854,Madukkarai,India,Tamil Nadu,1264524
9855,Chennai,India,Tamil Nadu,1264527
9856,Madikeri,India,Karnataka,1264540
9857,Madhyamgram,India,West Bengal,1264543
9858,Madhupur,India,Jharkhand,1264551
9859,Maddagiri,India,Karnataka,1264553
9860,Madhubani,India,Bihar,1264555
9861,Madhipura,India,Bihar,1264570
9862,Madgaon,India,Goa,1264588
9863,Maddūr,India,Karnataka,1264592
9864,Madanapalle,India,Andhra Pradesh,1264621
9865,Machilīpatnam,India,Andhra Pradesh,1264637
9866,Machhlīshahr,India,Uttar Pradesh,1264643
9867,Māchhīwāra,India,Punjab,1264644
9868,Mācherla,India,Andhra Pradesh,1264647
9869,Lunglei,India,Mizoram,1264688
9870,Lūnāvāda,India,Gujarat,1264700
9871,Ludhiāna,India,Punjab,1264728
9872,Lucknow,India,Uttar Pradesh,1264733
9873,Luckeesarai,India,Bihar,1264735
9874,Losal,India,Rajasthan,1264756
9875,Loni,India,Uttar Pradesh,1264773
9876,Lonavla,India,Maharashtra,1264793
9877,Lonār,India,Maharashtra,1264794
9878,Lohārdaga,India,Jharkhand,1264839
9879,Lingsugūr,India,Karnataka,1264890
9880,Limbdi,India,Gujarat,1264912
9881,Leteri,India,Madhya Pradesh,1264949
9882,Leh,India,Kashmir,1264976
9883,Lāwar Khās,India,Uttar Pradesh,1264989
9884,Laungowāl,India,Punjab,1265007
9885,Latur,India,Maharashtra,1265014
9886,Lāthi,India,Gujarat,1265022
9887,Lātehār,India,Jharkhand,1265025
9888,Lar,India,Uttar Pradesh,1265053
9889,Lālsot,India,Rajasthan,1265143
9890,Lālpur,India,Gujarat,1265150
9891,Lalitpur,India,Uttar Pradesh,1265157
9892,Lalgudi,India,Tamil Nadu,1265163
9893,Lālgola,India,West Bengal,1265166
9894,Lālganj,India,Uttar Pradesh,1265169
9895,Lālganj,India,Bihar,1265170
9896,Lakshmeshwar,India,Karnataka,1265201
9897,Laksar,India,Uttarakhand,1265208
9898,Lakhyabad,India,West Bengal,1265220
9899,Lakhnādon,India,Madhya Pradesh,1265233
9900,Lakhīmpur,India,Uttar Pradesh,1265242
9901,Lākheri,India,Rajasthan,1265246
9902,Lāharpur,India,Uttar Pradesh,1265310
9903,Lahār,India,Madhya Pradesh,1265311
9904,Lādwa,India,Haryana,1265323
9905,Lādnūn,India,Rajasthan,1265331
9906,Lachhmangarh Sīkar,India,Rajasthan,1265354
9907,Kuzhithurai,India,Tamil Nadu,1265387
9908,Koothanallur,India,Tamil Nadu,1265400
9909,Kuttampuzha,India,Kerala,1265401
9910,Kutiyāna,India,Gujarat,1265415
9911,Kutiatodu,India,Kerala,1265418
9912,Kushtagi,India,Karnataka,1265446
9913,Kurinjippādi,India,Tamil Nadu,1265504
9914,Kurduvādi,India,Maharashtra,1265521
9915,Kurandvād,India,Maharashtra,1265539
9916,Kuppam,India,Andhra Pradesh,1265555
9917,Kunnamkulam,India,Kerala,1265579
9918,Kunnamangalam,India,Kerala,1265580
9919,Kunigal,India,Karnataka,1265591
9920,Kundla,India,Gujarat,1265605
9921,Kundgol,India,Karnataka,1265607
9922,Kundarkhi,India,Uttar Pradesh,1265613
9923,Kunda,India,Uttar Pradesh,1265632
9924,Kumta,India,Karnataka,1265645
9925,Kūmher,India,Rajasthan,1265655
9926,Kumhāri,India,Chhattisgarh,1265660
9927,Kumbhrāj,India,Madhya Pradesh,1265670
9928,Kumbakonam,India,Tamil Nadu,1265683
9929,Kulu,India,Himachal Pradesh,1265709
9930,Kulti,India,West Bengal,1265711
9931,Kulpahār,India,Uttar Pradesh,1265716
9932,Kulittalai,India,Tamil Nadu,1265723
9933,Kulgam,India,Kashmir,1265734
9934,Kukshi,India,Madhya Pradesh,1265752
9935,Kūkatpalli,India,Telangana,1265767
9936,Kuju,India,Jharkhand,1265773
9937,Kūdligi,India,Karnataka,1265795
9938,Kudachi,India,Karnataka,1265811
9939,Kuchera,India,Rajasthan,1265821
9940,Kuchāman,India,Rajasthan,1265828
9941,Kuchaiburi,India,Odisha,1265830
9942,Krishnarājpet,India,Karnataka,1265852
9943,Krishnanagar,India,West Bengal,1265859
9944,Krishnagiri,India,Tamil Nadu,1265863
9945,Kozhikode,India,Kerala,1265873
9946,Koynanagar,India,Maharashtra,1265881
9947,Kovvūr,India,Andhra Pradesh,1265886
9948,Kovūr,India,Andhra Pradesh,1265888
9949,Kovilpatti,India,Tamil Nadu,1265891
9950,Kottūru,India,Karnataka,1265905
9951,Kottayam,India,Kerala,1265911
9952,Kottagūdem,India,Telangana,1265938
9953,Kotputli,India,Rajasthan,1265961
9954,Kotma,India,Madhya Pradesh,1265964
9955,Kotdwāra,India,Uttarakhand,1266014
9956,Kotapārh,India,Chhattisgarh,1266029
9957,Kotamangalam,India,Kerala,1266031
9958,Kotagiri,India,Tamil Nadu,1266038
9959,Kota,India,Rajasthan,1266049
9960,Kotā,India,Chhattisgarh,1266051
9961,Kosigi,India,Andhra Pradesh,1266070
9962,Kosi,India,Uttar Pradesh,1266073
9963,Kosamba,India,Gujarat,1266087
9964,Korwai,India,Madhya Pradesh,1266092
9965,Koregaon,India,Maharashtra,1266116
9966,Korba,India,Chhattisgarh,1266122
9967,Koratla,India,Telangana,1266124
9968,Korāput,India,Odisha,1266128
9969,Koppal,India,Karnataka,1266154
9970,Kopargaon,India,Maharashtra,1266162
9971,Kopāganj,India,Uttar Pradesh,1266164
9972,Konnūr,India,Karnataka,1266178
9973,Konnagar,India,West Bengal,1266179
9974,Kondapalle,India,Andhra Pradesh,1266209
9975,Kondagaon,India,Chhattisgarh,1266216
9976,Konch,India,Uttar Pradesh,1266217
9977,Konārka,India,Odisha,1266220
9978,Kolasib,India,Mizoram,1266258
9979,Kollegāl,India,Karnataka,1266267
9980,Kolhāpur,India,Maharashtra,1266285
9981,Kolāras,India,Madhya Pradesh,1266302
9982,Kolār,India,Karnataka,1266305
9983,Colachel,India,Tamil Nadu,1266322
9984,Kokrajhar,India,Assam,1266330
9985,Kohima,India,Nagaland,1266366
9986,Koelwār,India,Bihar,1266372
9987,Kodungallūr,India,Kerala,1266385
9988,Kodoli,India,Maharashtra,1266390
9989,Kodīnar,India,Gujarat,1266397
9990,Kodarmā,India,Jharkhand,1266414
9991,Kodār,India,Telangana,1266416
9992,Kodaikānāl,India,Tamil Nadu,1266425
9993,Koch Bihār,India,West Bengal,1266436
9994,Koāth,India,Bihar,1266448
9995,Kizhake Chālakudi,India,Kerala,1266452
9996,Kithor,India,Uttar Pradesh,1266461
9997,Kishtwār,India,Kashmir,1266475
9998,Kishangarh,India,Rajasthan,1266486
9999,Kishanganj,India,Bihar,1266489
10000,Kīratpur,India,Uttar Pradesh,1266509
10001,Kiraoli,India,Uttar Pradesh,1266510
10002,Kinwat,India,Maharashtra,1266518
10003,Kichha,India,Uttarakhand,1266575
10004,Khūtār,India,Uttar Pradesh,1266596
10005,Khurja,India,Uttar Pradesh,1266607
10006,Khurda,India,Odisha,1266616
10007,Khurai,India,Madhya Pradesh,1266620
10008,Khunti,India,Jharkhand,1266622
10009,Khuldābād,India,Maharashtra,1266631
10010,Khowai,India,Tripura,1266649
10011,Khopoli,India,Maharashtra,1266666
10012,Khirkiyān,India,Madhya Pradesh,1266710
10013,Khilchipur,India,Madhya Pradesh,1266731
10014,Khetri,India,Rajasthan,1266744
10015,Khetia,India,Maharashtra,1266746
10016,Kheri,India,Uttar Pradesh,1266762
10017,Kherālu,India,Gujarat,1266774
10018,Khekra,India,Uttar Pradesh,1266794
10019,Khed Brahma,India,Gujarat,1266806
10020,Kheda,India,Gujarat,1266809
10021,Khātra,India,West Bengal,1266838
10022,Khatīma,India,Uttarakhand,1266843
10023,Khātegaon,India,Madhya Pradesh,1266847
10024,Khatauli,India,Uttar Pradesh,1266849
10025,Khārupatia,India,Assam,1266862
10026,Kharsia,India,Chhattisgarh,1266872
10027,Kharkhauda,India,Haryana,1266891
10028,Khargone,India,Madhya Pradesh,1266928
10029,Khardah,India,West Bengal,1266945
10030,Kharar,India,Punjab,1266960
10031,Kharakvasla,India,Maharashtra,1266966
10032,Kharagpur,India,Bihar,1266975
10033,Kharagpur,India,West Bengal,1266976
10034,Khāpa,India,Maharashtra,1267006
10035,Khanna,India,Punjab,1267016
10036,Khandwa,India,Madhya Pradesh,1267031
10037,Khandela,India,Rajasthan,1267044
10038,Khānāpur,India,Karnataka,1267065
10039,Khammam,India,Telangana,1267076
10040,Khāmgaon,India,Maharashtra,1267084
10041,Khambhāt,India,Gujarat,1267090
10042,Khambhāliya,India,Gujarat,1267091
10043,Khamaria,India,Madhya Pradesh,1267097
10044,Khalīlābād,India,Uttar Pradesh,1267115
10045,Khajurāho,India,Madhya Pradesh,1267154
10046,Khairāgarh,India,Chhattisgarh,1267173
10047,Khairāgarh,India,Chhattisgarh,1267174
10048,Khairābād,India,Uttar Pradesh,1267175
10049,Khair,India,Uttar Pradesh,1267182
10050,Khagaul,India,Bihar,1267187
10051,Khagaria,India,Bihar,1267189
10052,Khadki,India,Maharashtra,1267195
10053,Khada,India,Uttar Pradesh,1267202
10054,Khāchrod,India,Madhya Pradesh,1267203
10055,Kesinga,India,Odisha,1267222
10056,Keshorai Pātan,India,Rajasthan,1267226
10057,Keshod,India,Gujarat,1267227
10058,Kerūr,India,Karnataka,1267239
10059,Kendrāparha,India,Odisha,1267283
10060,Kenda,India,West Bengal,1267290
10061,Kemrī,India,Uttar Pradesh,1267297
10062,Kekri,India,Rajasthan,1267336
10063,Kāyankulam,India,Kerala,1267360
10064,Kayalpattinam,India,Tamil Nadu,1267361
10065,Kawardha,India,Chhattisgarh,1267369
10066,Kāvali,India,Andhra Pradesh,1267394
10067,Kattivākkam,India,Tamil Nadu,1267433
10068,Kattanam,India,Kerala,1267435
10069,Kātrās,India,Jharkhand,1267439
10070,Kātpādi,India,Tamil Nadu,1267456
10071,Kātoya,India,West Bengal,1267457
10072,Kātol,India,Maharashtra,1267461
10073,Katihar,India,Bihar,1267480
10074,Kathua,India,Kashmir,1267486
10075,Kāthor,India,Gujarat,1267492
10076,Katghora,India,Chhattisgarh,1267517
10077,Katangi,India,Madhya Pradesh,1267537
10078,Katangi,India,Madhya Pradesh,1267538
10079,Kasrāwad,India,Madhya Pradesh,1267558
10080,Kashipur,India,Uttarakhand,1267579
10081,Kāsganj,India,Uttar Pradesh,1267588
10082,Kāsaragod,India,Kerala,1267616
10083,Karwar,India,Karnataka,1267635
10084,Karur,India,Tamil Nadu,1267648
10085,Kartārpur,India,Punjab,1267669
10086,Kārsiyāng,India,West Bengal,1267675
10087,Karol Bāgh,India,NCT,1267696
10088,Karnāl,India,Haryana,1267708
10089,Karmāla,India,Maharashtra,1267716
10090,Kārkala,India,Karnataka,1267739
10091,Karjat,India,Maharashtra,1267742
10092,Karīmnagar,India,Telangana,1267755
10093,Karīmganj,India,Assam,1267758
10094,Karhal,India,Uttar Pradesh,1267772
10095,Karera,India,Madhya Pradesh,1267786
10096,Kareli,India,Madhya Pradesh,1267794
10097,Karauli,India,Rajasthan,1267819
10098,Kāranja,India,Maharashtra,1267853
10099,Karamsad,India,Gujarat,1267862
10100,Kāramadai,India,Tamil Nadu,1267869
10101,Kāraikkudi,India,Tamil Nadu,1267885
10102,Kāraikāl,India,Pondicherry,1267887
10103,Karād,India,Maharashtra,1267904
10104,Kapūrthala,India,Punjab,1267911
10105,Kāpren,India,Rajasthan,1267923
10106,Kapadvanj,India,Gujarat,1267939
10107,Kānth,India,Uttar Pradesh,1267972
10108,Kantābānji,India,Odisha,1267978
10109,Kānt,India,Uttar Pradesh,1267979
10110,Kanpur,India,Uttar Pradesh,1267995
10111,Kannod,India,Madhya Pradesh,1268007
10112,Kanniyākumāri,India,Tamil Nadu,1268008
10113,Kannauj,India,Uttar Pradesh,1268011
10114,Kānnangād,India,Kerala,1268015
10115,Kannad,India,Maharashtra,1268020
10116,Kānker,India,Chhattisgarh,1268031
10117,Kānke,India,Jharkhand,1268032
10118,Kankauli,India,Maharashtra,1268035
10119,Kanigiri,India,Andhra Pradesh,1268059
10120,Kangayam,India,Tamil Nadu,1268095
10121,Kandukūr,India,Andhra Pradesh,1268111
10122,Kāndla,India,Gujarat,1268124
10123,Kāndi,India,West Bengal,1268135
10124,Kāndhla,India,Uttar Pradesh,1268138
10125,Kānchipuram,India,Tamil Nadu,1268159
10126,Kanakapura,India,Karnataka,1268189
10127,Kāmthi,India,Maharashtra,1268205
10128,Kampli,India,Karnataka,1268214
10129,Cumbum,India,Tamil Nadu,1268246
10130,Kāmārhāti,India,West Bengal,1268257
10131,Kāmāreddi,India,Telangana,1268259
10132,Kāman,India,Rajasthan,1268266
10133,Kamalganj,India,Uttar Pradesh,1268276
10134,Kāmākhyānagar,India,Odisha,1268279
10135,Kalyani,India,West Bengal,1268293
10136,Kalyān,India,Maharashtra,1268295
10137,Kalugumalai,India,Tamil Nadu,1268310
10138,Kālpi,India,Uttar Pradesh,1268325
10139,Kalpetta,India,Kerala,1268327
10140,Kālol,India,Gujarat,1268339
10141,Kālna,India,West Bengal,1268341
10142,Kalmeshwar,India,Maharashtra,1268344
10143,Kallidaikurichchi,India,Tamil Nadu,1268360
10144,Kallakkurichchi,India,Tamil Nadu,1268376
10145,Kālka,India,Himachal Pradesh,1268381
10146,Kāliyāganj,India,West Bengal,1268383
10147,Kālimpong,India,West Bengal,1268403
10148,Kalghatgi,India,Karnataka,1268434
10149,Kālāvad,India,Gujarat,1268450
10150,Kālānwāli,India,Haryana,1268469
10151,Kalānaur,India,Haryana,1268476
10152,Kalamnūri,India,Maharashtra,1268480
10153,Kalamb,India,Maharashtra,1268484
10154,Kalakkādu,India,Tamil Nadu,1268495
10155,Kakrāla,India,Uttar Pradesh,1268540
10156,Kākori,India,Uttar Pradesh,1268545
10157,Kākināda,India,Andhra Pradesh,1268561
10158,Kakching,India,Manipur,1268567
10159,Kaithal,India,Haryana,1268593
10160,Kairāna,India,Uttar Pradesh,1268601
10161,Kaimori,India,Madhya Pradesh,1268615
10162,Kaimganj,India,Uttar Pradesh,1268616
10163,Kailāshahar,India,Tripura,1268622
10164,Kailāras,India,Madhya Pradesh,1268624
10165,Kaikalūr,India,Andhra Pradesh,1268627
10166,Kāgal,India,Maharashtra,1268651
10167,Kadūr,India,Karnataka,1268662
10168,Kadod,India,Gujarat,1268667
10169,Kadiri,India,Andhra Pradesh,1268673
10170,Kadi,India,Gujarat,1268680
10171,Kadayanallur,India,Tamil Nadu,1268707
10172,Kānchrāpāra,India,West Bengal,1268715
10173,Kachhwa,India,Uttar Pradesh,1268722
10174,Kabrāi,India,Uttar Pradesh,1268739
10175,Junnar,India,Maharashtra,1268761
10176,Jūnāgarh,India,Chhattisgarh,1268772
10177,Jūnāgadh,India,Gujarat,1268773
10178,Jumri Tilaiyā,India,Jharkhand,1268775
10179,Jalandhar,India,Punjab,1268782
10180,Jugsālai,India,Jharkhand,1268799
10181,Jorhāt,India,Assam,1268820
10182,Jora,India,Madhya Pradesh,1268823
10183,Jolārpettai,India,Tamil Nadu,1268834
10184,Jogbani,India,Bihar,1268855
10185,Jodiya Bandar,India,Gujarat,1268863
10186,Jodhpur,India,Rajasthan,1268865
10187,Jodhpur,India,Gujarat,1268866
10188,Jintūr,India,Maharashtra,1268896
10189,Jīnd,India,Haryana,1268907
10190,Jhūsi,India,Uttar Pradesh,1268929
10191,Jhunjhunūn,India,Rajasthan,1268936
10192,Jhinjhāna,India,Uttar Pradesh,1268961
10193,Jhīnjhak,India,Uttar Pradesh,1268962
10194,Jhārsuguda,India,Odisha,1268977
10195,Jharia,India,Jharkhand,1268988
10196,Jhārgrām,India,West Bengal,1268990
10197,Jhānsi,India,Uttar Pradesh,1269006
10198,Jhanjhārpur,India,Bihar,1269012
10199,Jhālu,India,Uttar Pradesh,1269019
10200,Jhālrapātan,India,Rajasthan,1269020
10201,Jhalida,India,West Bengal,1269026
10202,Jhālāwār,India,Rajasthan,1269027
10203,Jhajjar,India,Haryana,1269042
10204,Jhā Jhā,India,Bihar,1269046
10205,Jhābua,India,Madhya Pradesh,1269053
10206,Jewar,India,Uttar Pradesh,1269056
10207,Jevargi,India,Karnataka,1269057
10208,Jetpur,India,Gujarat,1269065
10209,Jeypore,India,Odisha,1269092
10210,Jaynagar,India,Bihar,1269093
10211,Jaynagar-Majilpur,India,West Bengal,1269094
10212,Jayamkondacholapuram,India,Tamil Nadu,1269102
10213,Jāwad,India,Madhya Pradesh,1269126
10214,Jaunpur,India,Uttar Pradesh,1269135
10215,Jatāra,India,Madhya Pradesh,1269153
10216,Jatani,India,Odisha,1269154
10217,Jaswantnagar,India,Uttar Pradesh,1269158
10218,Jaspur,India,Uttarakhand,1269168
10219,Jasidih,India,Jharkhand,1269175
10220,Jashpurnagar,India,Chhattisgarh,1269177
10221,Jasdan,India,Gujarat,1269179
10222,Jarwal,India,Uttar Pradesh,1269183
10223,Jaorā,India,Madhya Pradesh,1269217
10224,Jānsath,India,Uttar Pradesh,1269227
10225,Jānjgīr,India,Chhattisgarh,1269239
10226,Jangipur,India,West Bengal,1269247
10227,Jangaon,India,Telangana,1269256
10228,Jandiāla,India,Punjab,1269269
10229,Jāmuria,India,West Bengal,1269280
10230,Jamūī,India,Bihar,1269291
10231,Jāmtāra,India,Jharkhand,1269298
10232,Jamshedpur,India,Jharkhand,1269300
10233,Jāmnagar,India,Gujarat,1269317
10234,Jammu,India,Kashmir,1269321
10235,Jammalamadugu,India,Andhra Pradesh,1269323
10236,Jamkhandi,India,Karnataka,1269328
10237,Jambusar,India,Gujarat,1269350
10238,Jamālpur,India,Bihar,1269374
10239,Jāmai,India,Madhya Pradesh,1269377
10240,Jāmadoba,India,Jharkhand,1269379
10241,Jalpāiguri,India,West Bengal,1269388
10242,Jalor,India,Rajasthan,1269392
10243,Jālna,India,Maharashtra,1269395
10244,Jalgaon Jamod,India,Maharashtra,1269406
10245,Jalgaon,India,Maharashtra,1269407
10246,Jaleshwar,India,Odisha,1269413
10247,Jalesar,India,Uttar Pradesh,1269415
10248,Jālaun,India,Uttar Pradesh,1269422
10249,Jalālpur,India,Uttar Pradesh,1269435
10250,Jalālpur,India,Gujarat,1269439
10251,Jalālī,India,Uttar Pradesh,1269441
10252,Jalālābād,India,Punjab,1269445
10253,Jalālābad,India,Uttar Pradesh,1269446
10254,Jalālābād,India,Uttar Pradesh,1269447
10255,Jājpur,India,Odisha,1269477
10256,Jaito,India,Punjab,1269488
10257,Jaitāran,India,Rajasthan,1269498
10258,Jaisingpur,India,Maharashtra,1269502
10259,Jaisalmer,India,Rajasthan,1269507
10260,Jais,India,Uttar Pradesh,1269509
10261,Jaipur,India,Rajasthan,1269515
10262,Jahāzpur,India,Rajasthan,1269545
10263,Jahāngīrābād,India,Uttar Pradesh,1269551
10264,Jahānābād,India,Bihar,1269557
10265,Jagtiāl,India,Telangana,1269562
10266,Jagraon,India,Punjab,1269564
10267,Jaggayyapeta,India,Andhra Pradesh,1269570
10268,Jagdīspur,India,Bihar,1269573
10269,Jagdīshpur,India,Uttar Pradesh,1269574
10270,Jagdalpur,India,Chhattisgarh,1269578
10271,Jagatsinghapur,India,Odisha,1269581
10272,Jagalūr,India,Karnataka,1269602
10273,Jagādhri,India,Haryana,1269605
10274,Jabalpur,India,Madhya Pradesh,1269633
10275,Itimādpur,India,Uttar Pradesh,1269646
10276,Itārsi,India,Madhya Pradesh,1269653
10277,Itānagar,India,Arunachal Pradesh,1269655
10278,Islāmpur,India,West Bengal,1269665
10279,Islāmpur,India,Bihar,1269666
10280,Islāmnagar,India,Uttar Pradesh,1269670
10281,Irugūr,India,Tamil Nadu,1269690
10282,Irinjālakuda,India,Kerala,1269693
10283,Iringal,India,Kerala,1269694
10284,Ingrāj Bāzār,India,West Bengal,1269723
10285,Indri,India,Haryana,1269731
10286,Indore,India,Madhya Pradesh,1269743
10287,Indi,India,Karnataka,1269751
10288,Indergarh,India,Uttar Pradesh,1269752
10289,Indāpur,India,Maharashtra,1269761
10290,Imphal,India,Manipur,1269771
10291,Ilkal,India,Karnataka,1269784
10292,Igatpuri,India,Maharashtra,1269810
10293,Idappadi,India,Tamil Nadu,1269819
10294,Ichchāpuram,India,Andhra Pradesh,1269827
10295,Ichalkaranji,India,Maharashtra,1269834
10296,Hyderabad,India,Telangana,1269843
10297,Hadagalli,India,Karnataka,1269849
10298,Husainābād,India,Jharkhand,1269862
10299,Hunsūr,India,Karnataka,1269873
10300,Hungund,India,Karnataka,1269876
10301,Hukeri,India,Karnataka,1269908
10302,Hugli,India,West Bengal,1269910
10303,Hubli,India,Karnataka,1269920
10304,Howli,India,Assam,1269927
10305,Hosūr,India,Tamil Nadu,1269934
10306,Hospet,India,Karnataka,1269935
10307,Hoskote,India,Karnataka,1269936
10308,Hoshangābād,India,Madhya Pradesh,1269939
10309,Hosdurga,India,Karnataka,1269943
10310,Honnāli,India,Karnataka,1269970
10311,Honāvar,India,Karnataka,1269976
10312,Homnābād,India,Karnataka,1269979
10313,Hole Narsipur,India,Karnataka,1269985
10314,Holalkere,India,Karnataka,1269990
10315,Hojāi,India,Assam,1269993
10316,Hodal,India,Haryana,1270000
10317,Hisuā,India,Bihar,1270021
10318,Hisar,India,Haryana,1270022
10319,Hiriyūr,India,Karnataka,1270032
10320,Hirekerūr,India,Karnataka,1270036
10321,Hīrākud,India,Odisha,1270059
10322,Hinjilikatu,India,Odisha,1270066
10323,Hingoli,India,Maharashtra,1270072
10324,Hinganghāt,India,Maharashtra,1270077
10325,Hindupur,India,Andhra Pradesh,1270079
10326,Hindoria,India,Madhya Pradesh,1270082
10327,Hindaun,India,Rajasthan,1270090
10328,Himatnagar,India,Gujarat,1270099
10329,Hilsa,India,Bihar,1270102
10330,Hazārībāg,India,Jharkhand,1270164
10331,Hāveri,India,Karnataka,1270171
10332,Hatta,India,Madhya Pradesh,1270185
10333,Hāthras,India,Uttar Pradesh,1270216
10334,Hastināpur,India,Uttar Pradesh,1270237
10335,Hassan,India,Karnataka,1270239
10336,Hāsimāra,India,West Bengal,1270245
10337,Hasanpur,India,Uttar Pradesh,1270251
10338,Harūr,India,Tamil Nadu,1270265
10339,Harsūd,India,Madhya Pradesh,1270271
10340,Harpanahalli,India,Karnataka,1270287
10341,Harpālpur,India,Madhya Pradesh,1270291
10342,Hārij,India,Gujarat,1270343
10343,Harihar,India,Karnataka,1270349
10344,Haridwar,India,Uttarakhand,1270351
10345,Hardoī,India,Uttar Pradesh,1270370
10346,Harda Khās,India,Madhya Pradesh,1270375
10347,Hāpur,India,Uttar Pradesh,1270393
10348,Hāora,India,West Bengal,1270396
10349,Hanumāngarh,India,Rajasthan,1270407
10350,Hānsi,India,Haryana,1270417
10351,Hāngal,India,Karnataka,1270435
10352,Handiā,India,Uttar Pradesh,1270437
10353,Hamīrpur,India,Himachal Pradesh,1270454
10354,Hamīrpur,India,Uttar Pradesh,1270455
10355,Halvad,India,Gujarat,1270466
10356,Hālol,India,Gujarat,1270474
10357,Haliyal,India,Karnataka,1270482
10358,Hālīsahar,India,West Bengal,1270484
10359,Haldwani,India,Uttarakhand,1270498
10360,Haldaur,India,Uttar Pradesh,1270509
10361,Hājo,India,Assam,1270522
10362,Hājīpur,India,Bihar,1270525
10363,Hailākāndi,India,Assam,1270530
10364,Hāflong,India,Assam,1270543
10365,Hadgāon,India,Maharashtra,1270554
10366,Hābra,India,West Bengal,1270568
10367,Gwalior,India,Madhya Pradesh,1270583
10368,Guskhara,India,West Bengal,1270598
10369,Guruvāyūr,India,Kerala,1270603
10370,Guru Har Sahāi,India,Punjab,1270612
10371,Gursarāi,India,Uttar Pradesh,1270618
10372,Gursahāiganj,India,Uttar Pradesh,1270619
10373,Gurmatkāl,India,Karnataka,1270627
10374,Gurgaon,India,Haryana,1270642
10375,Gunupur,India,Odisha,1270667
10376,Guntūr,India,Andhra Pradesh,1270668
10377,Guntakal Junction,India,Andhra Pradesh,1270670
10378,Gunnaur,India,Uttar Pradesh,1270674
10379,Gundlupet,India,Karnataka,1270686
10380,Guna,India,Madhya Pradesh,1270711
10381,Gummidipundi,India,Tamil Nadu,1270718
10382,Gumla,India,Chhattisgarh,1270722
10383,Gumia,India,Jharkhand,1270723
10384,Guledagudda,India,Karnataka,1270750
10385,Gulbarga,India,Karnataka,1270752
10386,Gulāothi,India,Uttar Pradesh,1270759
10387,Gulābpura,India,Rajasthan,1270763
10388,Gūduvāncheri,India,Tamil Nadu,1270787
10389,Gūdūr,India,Andhra Pradesh,1270791
10390,Gudiyatham,India,Tamil Nadu,1270800
10391,Gudivāda,India,Andhra Pradesh,1270801
10392,Gudalur,India,Tamil Nadu,1270820
10393,Gubbi,India,Karnataka,1270824
10394,Goyerkāta,India,West Bengal,1270845
10395,Govardhan,India,Uttar Pradesh,1270863
10396,Gosāba,India,West Bengal,1270896
10397,Gorakhpur,India,Haryana,1270926
10398,Gorakhpur,India,Uttar Pradesh,1270927
10399,Gobichettipalayam,India,Tamil Nadu,1270947
10400,Gopālganj,India,Bihar,1270965
10401,Gondiā,India,Maharashtra,1270990
10402,Gondal,India,Gujarat,1270994
10403,Gondā City,India,Uttar Pradesh,1270996
10404,Gomoh,India,Jharkhand,1271005
10405,Gola Gokarannāth,India,Uttar Pradesh,1271049
10406,Golāghāt,India,Assam,1271050
10407,Gokarna,India,Karnataka,1271064
10408,Gokak,India,Karnataka,1271067
10409,Gohāna,India,Haryana,1271079
10410,Gohadi,India,Madhya Pradesh,1271083
10411,Godhra,India,Gujarat,1271107
10412,Godda,India,Jharkhand,1271113
10413,Gobindpur,India,Jharkhand,1271131
10414,Gobārdānga,India,West Bengal,1271142
10415,Goālpāra,India,Assam,1271151
10416,Girīdīh,India,Jharkhand,1271175
10417,Gingee,India,Tamil Nadu,1271199
10418,Giddarbāha,India,Punjab,1271212
10419,Giddalūr,India,Andhra Pradesh,1271213
10420,Ghugus,India,Maharashtra,1271244
10421,Ghoti Budrukh,India,Maharashtra,1271250
10422,Ghosī,India,Uttar Pradesh,1271259
10423,Ghazīpur,India,Uttar Pradesh,1271306
10424,Ghāziābād,India,Uttar Pradesh,1271308
10425,Ghātsīla,India,Jharkhand,1271319
10426,Ghātanji,India,Maharashtra,1271343
10427,Ghātampur,India,Uttar Pradesh,1271345
10428,Ghātāl,India,West Bengal,1271346
10429,Gharaunda,India,Haryana,1271363
10430,Gevrai,India,Maharashtra,1271413
10431,Gaya,India,Bihar,1271439
10432,Gauripur,India,Assam,1271453
10433,Goribidnūr,India,Karnataka,1271459
10434,Guwahati,India,Assam,1271476
10435,Garhwa,India,Jharkhand,1271493
10436,Garui,India,West Bengal,1271495
10437,Gariadhar,India,Gujarat,1271533
10438,Garhshankar,India,Punjab,1271538
10439,Garhmuktesar,India,Uttar Pradesh,1271543
10440,Garhākota,India,Madhya Pradesh,1271563
10441,Gannavaram,India,Andhra Pradesh,1271613
10442,Gangtok,India,Sikkim,1271631
10443,Gangolli,India,Karnataka,1271642
10444,Gangoh,India,Uttar Pradesh,1271644
10445,Gangāwati,India,Karnataka,1271662
10446,Gangārāmpur,India,West Bengal,1271670
10447,Gangāpur,India,Rajasthan,1271675
10448,Gangāpur,India,Rajasthan,1271676
10449,Gangāpur,India,Maharashtra,1271680
10450,Gangānagar,India,Rajasthan,1271685
10451,Gangākher,India,Maharashtra,1271688
10452,Ghandinagar,India,Gujarat,1271715
10453,Gāndhīdhām,India,Gujarat,1271717
10454,Gandevi,India,Gujarat,1271722
10455,Gāndarbal,India,Kashmir,1271729
10456,Gajraula,India,Uttar Pradesh,1271780
10457,Gajendragarh,India,Karnataka,1271789
10458,Gadwāl,India,Telangana,1271819
10459,Gadhinglaj,India,Maharashtra,1271834
10460,Gadhada,India,Gujarat,1271839
10461,Gādarwāra,India,Madhya Pradesh,1271847
10462,Gadag,India,Karnataka,1271850
10463,Fort Gloster,India,West Bengal,1271871
10464,Forbesganj,India,Bihar,1271874
10465,Fīrozpur Jhirka,India,Haryana,1271881
10466,Ferozepore,India,Punjab,1271883
10467,Fīrozābād,India,Uttar Pradesh,1271885
10468,Ferokh,India,Kerala,1271888
10469,Fāzilka,India,Punjab,1271891
10470,Fatwa,India,Bihar,1271892
10471,Fatehpur Sīkri,India,Uttar Pradesh,1271900
10472,Fatehpur,India,Rajasthan,1271910
10473,Fatehpur,India,Uttar Pradesh,1271911
10474,Fatehpur,India,Uttar Pradesh,1271912
10475,Fatehgarh Chūriān,India,Punjab,1271923
10476,Fatehganj West,India,Uttar Pradesh,1271929
10477,Fatehābād,India,Haryana,1271934
10478,Fatehābād,India,Uttar Pradesh,1271936
10479,Farrukhnagar,India,Telangana,1271940
10480,Farrukhābād,India,Uttar Pradesh,1271942
10481,Farīdpur,India,Uttar Pradesh,1271947
10482,Farīdkot,India,Punjab,1271949
10483,Farīdābād,India,Haryana,1271951
10484,Farakka,India,West Bengal,1271954
10485,Fālākāta,India,West Bengal,1271965
10486,Faizpur,India,Maharashtra,1271975
10487,Fyzābād,India,Uttar Pradesh,1271976
10488,Etāwah,India,Uttar Pradesh,1271987
10489,Erraguntla,India,Andhra Pradesh,1272008
10490,Erode,India,Tamil Nadu,1272013
10491,Erāttupetta,India,Kerala,1272022
10492,Erandol,India,Maharashtra,1272025
10493,Emmiganūr,India,Andhra Pradesh,1272045
10494,Ellore,India,Andhra Pradesh,1272051
10495,Elūr,India,Kerala,1272052
10496,Ellenabad,India,Haryana,1272061
10497,Elamanchili,India,Andhra Pradesh,1272084
10498,Egra,India,West Bengal,1272101
10499,Dwārka,India,Gujarat,1272140
10500,Durgapur,India,West Bengal,1272175
10501,Durgāpur,India,Maharashtra,1272177
10502,Durg,India,Chhattisgarh,1272181
10503,Dūngarpur,India,Rajasthan,1272201
10504,Ganj Dundwāra,India,Uttar Pradesh,1272207
10505,Dumraon,India,Bihar,1272225
10506,Dumra,India,Bihar,1272229
10507,Dumka,India,Jharkhand,1272237
10508,Dum Duma,India,Assam,1272242
10509,Dam Dam,India,West Bengal,1272243
10510,Duliāgaon,India,Assam,1272259
10511,Dugda,India,Jharkhand,1272277
10512,Dubrājpur,India,West Bengal,1272320
10513,Dornakal,India,Telangana,1272367
10514,Dorāha,India,Punjab,1272375
10515,Dongargarh,India,Chhattisgarh,1272396
10516,Dondaicha,India,Maharashtra,1272411
10517,Dombivli,India,Maharashtra,1272423
10518,Dod Ballāpur,India,Karnataka,1272473
10519,Doda,India,Kashmir,1272476
10520,Diu,India,Daman and Diu,1272502
10521,Dīsa,India,Gujarat,1272513
10522,Diphu,India,Assam,1272525
10523,Dīnhāta,India,West Bengal,1272532
10524,Dindori,India,Madhya Pradesh,1272540
10525,Dindigul,India,Tamil Nadu,1272543
10526,Dīnānagar,India,Punjab,1272546
10527,Dimāpur,India,Nagaland,1272552
10528,Digras,India,Maharashtra,1272596
10529,Dīglūr,India,Maharashtra,1272606
10530,Dighwāra,India,Bihar,1272610
10531,Digboi,India,Assam,1272629
10532,Dīg,India,Rajasthan,1272639
10533,Dīdwāna,India,Rajasthan,1272640
10534,Dicholi,India,Goa,1272646
10535,Dibrugarh,India,Assam,1272648
10536,Dibai,India,Uttar Pradesh,1272653
10537,Diamond Harbour,India,West Bengal,1272657
10538,Dhūri,India,Punjab,1272670
10539,Dhupgāri,India,West Bengal,1272674
10540,Dhuliān,India,West Bengal,1272689
10541,Dhūlia,India,Maharashtra,1272691
10542,Dhuburi,India,Assam,1272694
10543,Dhrol,India,Gujarat,1272699
10544,Dhrāngadhra,India,Gujarat,1272701
10545,Dhorāji,India,Gujarat,1272720
10546,Dhone,India,Andhra Pradesh,1272722
10547,Dholka,India,Gujarat,1272733
10548,Dhing,India,Assam,1272768
10549,Dhenkānāl,India,Odisha,1272780
10550,Dhekiajuli,India,Assam,1272790
10551,Dhaurahra,India,Uttar Pradesh,1272802
10552,Dhaulpur,India,Rajasthan,1272805
10553,Dhārūr,India,Maharashtra,1272819
10554,Dhāruhera,India,Haryana,1272822
10555,Dharmsāla,India,Himachal Pradesh,1272832
10556,Dharmavaram,India,Andhra Pradesh,1272842
10557,Dharmapuri,India,Tamil Nadu,1272847
10558,Dharmanagar,India,Tripura,1272852
10559,Dharmadam,India,Kerala,1272856
10560,Dharmābād,India,Maharashtra,1272857
10561,Dhāriwāl,India,Punjab,1272860
10562,Dhāri,India,Gujarat,1272861
10563,Dharapuram,India,Tamil Nadu,1272873
10564,Dharangaon,India,Maharashtra,1272874
10565,Dharampur,India,Gujarat,1272881
10566,Dhār,India,Madhya Pradesh,1272892
10567,Dhanera,India,Gujarat,1272962
10568,Dhandhuka,India,Gujarat,1272970
10569,Dhanbād,India,Jharkhand,1272979
10570,Dhanaura,India,Uttar Pradesh,1272983
10571,Dhanaula,India,Punjab,1272985
10572,Dhamtari,India,Chhattisgarh,1272997
10573,Dhāmpur,India,Uttar Pradesh,1273002
10574,Dhāmnod,India,Madhya Pradesh,1273006
10575,Dhāka,India,Bihar,1273043
10576,Dewas,India,Madhya Pradesh,1273066
10577,Deoli,India,Rajasthan,1273083
10578,Devgarh,India,Rajasthan,1273098
10579,Devgadh Bāriya,India,Gujarat,1273104
10580,Devarkonda,India,Telangana,1273109
10581,Devanhalli,India,Karnataka,1273123
10582,Devakottai,India,Tamil Nadu,1273128
10583,Deūlgaon Rāja,India,Maharashtra,1273136
10584,Deshnoke,India,Rajasthan,1273153
10585,Depālpur,India,Madhya Pradesh,1273181
10586,Deori Khās,India,Madhya Pradesh,1273191
10587,Deoria,India,Uttar Pradesh,1273193
10588,Deoraniān,India,Uttar Pradesh,1273206
10589,Deoli,India,Maharashtra,1273228
10590,Deolāli,India,Maharashtra,1273232
10591,Deogarh,India,Odisha,1273246
10592,Deoband,India,Uttar Pradesh,1273265
10593,Denkanikota,India,Tamil Nadu,1273272
10594,Delhi,India,NCT,1273294
10595,Dehri,India,Bihar,1273309
10596,Dehra Dūn,India,Uttarakhand,1273313
10597,Dausa,India,Rajasthan,1273369
10598,Daund,India,Maharashtra,1273374
10599,Daudnagar,India,Bihar,1273390
10600,Dattāpur,India,Maharashtra,1273397
10601,Datia,India,Madhya Pradesh,1273403
10602,Dātāganj,India,Uttar Pradesh,1273409
10603,Dasūya,India,Punjab,1273410
10604,Dāsna,India,Uttar Pradesh,1273416
10605,Daryāpur,India,Maharashtra,1273434
10606,Dārwha,India,Maharashtra,1273440
10607,Dārjiling,India,West Bengal,1273467
10608,Darbhanga,India,Bihar,1273491
10609,Dandeli,India,Karnataka,1273574
10610,Dinapore,India,Bihar,1273581
10611,Damoh,India,Madhya Pradesh,1273587
10612,Dāmnagar,India,Gujarat,1273593
10613,Daman,India,Daman and Diu,1273618
10614,Daltonganj,India,Jharkhand,1273626
10615,Dalsingh Sarai,India,Bihar,1273628
10616,Dalkola,India,West Bengal,1273642
10617,Dākor,India,Gujarat,1273665
10618,Dohad,India,Gujarat,1273687
10619,Dahegām,India,Gujarat,1273704
10620,Dāhānu,India,Maharashtra,1273708
10621,Dādri,India,Uttar Pradesh,1273724
10622,Dabwāli,India,Haryana,1273745
10623,Dabra,India,Madhya Pradesh,1273751
10624,Daboh,India,Madhya Pradesh,1273756
10625,Dabhoi,India,Gujarat,1273766
10626,Cuttack,India,Odisha,1273780
10627,Curchorem,India,Goa,1273788
10628,Cuncolim,India,Goa,1273793
10629,Cumbum,India,Andhra Pradesh,1273795
10630,Cuddapah,India,Andhra Pradesh,1273800
10631,Cuddalore,India,Tamil Nadu,1273802
10632,Coondapoor,India,Karnataka,1273834
10633,Colonelganj,India,Uttar Pradesh,1273850
10634,Colgong,India,Bihar,1273856
10635,Calangute,India,Goa,1273858
10636,Coimbatore,India,Tamil Nadu,1273865
10637,Cochin,India,Kerala,1273874
10638,Clement Town,India,Uttarakhand,1273880
10639,Chūru,India,Rajasthan,1273892
10640,Churāchāndpur,India,Manipur,1273909
10641,Chunār,India,Uttar Pradesh,1273923
10642,Chotila,India,Gujarat,1273960
10643,Chopda,India,Maharashtra,1273992
10644,Chodavaram,India,Andhra Pradesh,1274020
10645,Rampachodavaram,India,Andhra Pradesh,1274021
10646,Chittūr,India,Kerala,1274032
10647,Chittaurgarh,India,Rajasthan,1274040
10648,Chittaranjan,India,West Bengal,1274043
10649,Chitradurga,India,Karnataka,1274056
10650,Chītāpur,India,Karnataka,1274077
10651,Chidawa,India,Rajasthan,1274102
10652,Chīrāla,India,Andhra Pradesh,1274106
10653,Chīpurupalle,India,Andhra Pradesh,1274116
10654,Chiplūn,India,Maharashtra,1274119
10655,Chintāmani,India,Karnataka,1274129
10656,Chinna Salem,India,Tamil Nadu,1274146
10657,Chinnamanūr,India,Tamil Nadu,1274151
10658,Chincholi,India,Karnataka,1274169
10659,Chillupār,India,Uttar Pradesh,1274195
10660,Chilakalūrupet,India,Andhra Pradesh,1274213
10661,Chikodi,India,Karnataka,1274218
10662,Chiknāyakanhalli,India,Karnataka,1274219
10663,Chikmagalūr,India,Karnataka,1274220
10664,Chikhli,India,Maharashtra,1274237
10665,Chik Ballāpur,India,Karnataka,1274243
10666,Chidambaram,India,Tamil Nadu,1274256
10667,Chicholi,India,Maharashtra,1274265
10668,Chhoti Sādri,India,Rajasthan,1274284
10669,Chhota Udepur,India,Gujarat,1274285
10670,Chhindwāra,India,Madhya Pradesh,1274304
10671,Chhibrāmau,India,Uttar Pradesh,1274315
10672,Chhatarpur,India,Madhya Pradesh,1274337
10673,Chhātāpur,India,Bihar,1274342
10674,Chhāta,India,Uttar Pradesh,1274343
10675,Chharra,India,Uttar Pradesh,1274346
10676,Chhaprauli,India,Uttar Pradesh,1274351
10677,Chāpra,India,Bihar,1274353
10678,Chhāpar,India,Rajasthan,1274359
10679,Chhala,India,Gujarat,1274369
10680,Chhabra,India,Rajasthan,1274381
10681,Chettipālaiyam,India,Tamil Nadu,1274389
10682,Chetput,India,Tamil Nadu,1274394
10683,Chennimalai,India,Tamil Nadu,1274422
10684,Chengannūr,India,Kerala,1274428
10685,Chengam,India,Tamil Nadu,1274429
10686,Chengalpattu,India,Tamil Nadu,1274430
10687,Chāvakkād,India,Kerala,1274468
10688,Chaksu,India,Rajasthan,1274532
10689,Chatrapur,India,Odisha,1274533
10690,Chatra,India,Jharkhand,1274536
10691,Chās,India,Jharkhand,1274553
10692,Charthāwal,India,Uttar Pradesh,1274560
10693,Charkhi Dādri,India,Haryana,1274571
10694,Charkhāri,India,Uttar Pradesh,1274574
10695,Chāpar,India,Assam,1274618
10696,Channarāyapatna,India,Karnataka,1274640
10697,Channapatna,India,Karnataka,1274641
10698,Channagiri,India,Karnataka,1274642
10699,Changanācheri,India,Kerala,1274664
10700,Chāndor,India,Maharashtra,1274673
10701,Chāndūr Bāzār,India,Maharashtra,1274674
10702,Chāndūr,India,Maharashtra,1274675
10703,Chāndur,India,Maharashtra,1274676
10704,Chānda,India,Maharashtra,1274693
10705,Chandrakona,India,West Bengal,1274699
10706,Chāndpur,India,Uttar Pradesh,1274714
10707,Chandigarh,India,Chandigarh,1274746
10708,Chanderi,India,Madhya Pradesh,1274755
10709,Chanduasi,India,Uttar Pradesh,1274767
10710,Chandauli,India,Uttar Pradesh,1274770
10711,Chandannagar,India,West Bengal,1274784
10712,Chānasma,India,Gujarat,1274807
10713,Chamrajnagar,India,Karnataka,1274821
10714,Chāmpa,India,Chhattisgarh,1274837
10715,Chamba,India,Himachal Pradesh,1274848
10716,Challapalle,India,Andhra Pradesh,1274861
10717,Challakere,India,Karnataka,1274862
10718,Chālisgaon,India,Maharashtra,1274868
10719,Chalāla,India,Gujarat,1274874
10720,Chakradharpur,India,Jharkhand,1274890
10721,Chaklāsi,India,Gujarat,1274896
10722,Chākia,India,Bihar,1274899
10723,Chākan,India,Maharashtra,1274914
10724,Chāībāsa,India,Jharkhand,1274928
10725,Canning,India,West Bengal,1274984
10726,Cannanore,India,Kerala,1274987
10727,Kolkata,India,West Bengal,1275004
10728,Byādgi,India,Karnataka,1275016
10729,Buxar,India,Bihar,1275019
10730,Burla,India,Odisha,1275050
10731,Burhar,India,Madhya Pradesh,1275066
10732,Burhānpur,India,Madhya Pradesh,1275068
10733,Būndu,India,Jharkhand,1275097
10734,Būndi,India,Rajasthan,1275103
10735,Buldāna,India,Maharashtra,1275117
10736,Bulandshahr,India,Uttar Pradesh,1275120
10737,Budhlāda,India,Punjab,1275147
10738,Budhāna,India,Uttar Pradesh,1275152
10739,Budaun,India,Uttar Pradesh,1275163
10740,Brājarājnagar,India,Odisha,1275194
10741,Brahmapur,India,Odisha,1275198
10742,Botād,India,Gujarat,1275218
10743,Borsad,India,Gujarat,1275230
10744,Borivli,India,Maharashtra,1275248
10745,Bongaigaon,India,Assam,1275321
10746,Mumbai,India,Maharashtra,1275339
10747,Bolpur,India,West Bengal,1275346
10748,Bokāro,India,Jharkhand,1275362
10749,Bokajān,India,Assam,1275364
10750,Boisar,India,Maharashtra,1275368
10751,Bodināyakkanūr,India,Tamil Nadu,1275388
10752,Buddh Gaya,India,Bihar,1275389
10753,Bodhan,India,Telangana,1275391
10754,Bobbili,India,Andhra Pradesh,1275406
10755,Biswān,India,Uttar Pradesh,1275435
10756,Bissāu,India,Rajasthan,1275441
10757,Bishnupur,India,West Bengal,1275462
10758,Bisauli,India,Uttar Pradesh,1275476
10759,Bīsalpur,India,Uttar Pradesh,1275481
10760,Birūr,India,Karnataka,1275488
10761,Bīrpur,India,Bihar,1275499
10762,Birmitrapur,India,Odisha,1275506
10763,Binka,India,Odisha,1275558
10764,Bindki,India,Uttar Pradesh,1275572
10765,Etāwa,India,Madhya Pradesh,1275582
10766,Bilthra,India,Uttar Pradesh,1275589
10767,Bilsi,India,Uttar Pradesh,1275590
10768,Bilsanda,India,Uttar Pradesh,1275593
10769,Bilimora,India,Gujarat,1275610
10770,Bilhaur,India,Uttar Pradesh,1275614
10771,Bilgrām,India,Uttar Pradesh,1275618
10772,Bilgi,India,Karnataka,1275619
10773,Bīlāspur,India,Uttar Pradesh,1275634
10774,Bilāspur,India,Chhattisgarh,1275637
10775,Bilāsipāra,India,Assam,1275641
10776,Bilāri,India,Uttar Pradesh,1275646
10777,Bilāra,India,Rajasthan,1275647
10778,Bikramganj,India,Bihar,1275655
10779,Bīkaner,India,Rajasthan,1275665
10780,Bijnor,India,Uttar Pradesh,1275679
10781,Bijbiāra,India,Kashmir,1275692
10782,Bijāwar,India,Madhya Pradesh,1275694
10783,Bijapur,India,Karnataka,1275701
10784,Bihār,India,Bihar,1275716
10785,Bihārīganj,India,Bihar,1275719
10786,Bidhūna,India,Uttar Pradesh,1275732
10787,Bīdar,India,Karnataka,1275738
10788,Biaora,India,Madhya Pradesh,1275762
10789,Bhuvanagiri,India,Tamil Nadu,1275768
10790,Bhusāval,India,Maharashtra,1275778
10791,Bhūm,India,Maharashtra,1275804
10792,Bhuj,India,Gujarat,1275812
10793,Bhudgaon,India,Maharashtra,1275814
10794,Bhubaneshwar,India,Odisha,1275817
10795,Bhuban,India,Odisha,1275818
10796,Bhor,India,Maharashtra,1275836
10797,Bhopal,India,Madhya Pradesh,1275841
10798,Bhongīr,India,Telangana,1275848
10799,Bhongaon,India,Uttar Pradesh,1275849
10800,Bhogpur,India,Punjab,1275882
10801,Bhiwāni,India,Haryana,1275899
10802,Bhiwandi,India,Maharashtra,1275901
10803,Bhitarwār,India,Madhya Pradesh,1275905
10804,Bhīnmāl,India,Rajasthan,1275920
10805,Bhinga,India,Uttar Pradesh,1275921
10806,Bhindār,India,Rajasthan,1275925
10807,Bhind,India,Madhya Pradesh,1275926
10808,Bhīmunipatnam,India,Andhra Pradesh,1275930
10809,Bhīmavaram,India,Andhra Pradesh,1275947
10810,Bhīlwāra,India,Rajasthan,1275960
10811,Bhilai,India,Chhattisgarh,1275971
10812,Bhīkhi,India,Punjab,1275977
10813,Bhikangaon,India,Madhya Pradesh,1275978
10814,Bhāyāvadar,India,Gujarat,1276013
10815,Bhayandar,India,Maharashtra,1276014
10816,Bhawānipatna,India,Odisha,1276023
10817,Bhawānīgarh,India,Punjab,1276026
10818,Bhawāniganj,India,Madhya Pradesh,1276027
10819,Bhāvnagar,India,Gujarat,1276032
10820,Bhavāni,India,Tamil Nadu,1276037
10821,Bhattiprolu,India,Andhra Pradesh,1276054
10822,Bhātpāra,India,West Bengal,1276058
10823,Bhatkal,India,Karnataka,1276067
10824,Bhatinda,India,Punjab,1276070
10825,Bhātāpāra,India,Chhattisgarh,1276084
10826,Bhasāwar,India,Rajasthan,1276092
10827,Bharwāri,India,Uttar Pradesh,1276095
10828,Bharūch,India,Gujarat,1276100
10829,Bharthana,India,Uttar Pradesh,1276103
10830,Bharatpur,India,Rajasthan,1276128
10831,Bhānvad,India,Gujarat,1276147
10832,Bhānpurī,India,Chhattisgarh,1276151
10833,Bhānpura,India,Madhya Pradesh,1276152
10834,Bhanjanagar,India,Odisha,1276159
10835,Bhānder,India,Madhya Pradesh,1276178
10836,Bhandāra,India,Maharashtra,1276191
10837,Bhālki,India,Karnataka,1276219
10838,Bhaisa,India,Telangana,1276249
10839,Bhainsdehi,India,Madhya Pradesh,1276265
10840,Bhāgalpur,India,Bihar,1276300
10841,Bhadreswar,India,West Bengal,1276320
10842,Bhadrāvati,India,Karnataka,1276321
10843,Bhadrakh,India,Odisha,1276325
10844,Bhadrāchalam,India,Telangana,1276328
10845,Bhādra,India,Rajasthan,1276330
10846,Bhadohi,India,Uttar Pradesh,1276335
10847,Bhadaur,India,Punjab,1276353
10848,Bhādāsar,India,Rajasthan,1276355
10849,Bhachāu,India,Gujarat,1276370
10850,Bhabhua,India,Bihar,1276371
10851,Beypore,India,Kerala,1276378
10852,Bewar,India,Uttar Pradesh,1276381
10853,Betūl,India,Madhya Pradesh,1276389
10854,Bettiah,India,Bihar,1276393
10855,Betamcherla,India,Andhra Pradesh,1276416
10856,Beri Khās,India,Haryana,1276437
10857,Berasia,India,Madhya Pradesh,1276449
10858,Beohāri,India,Madhya Pradesh,1276455
10859,Bemetāra,India,Chhattisgarh,1276478
10860,Belūr,India,Karnataka,1276486
10861,Belsand,India,Bihar,1276495
10862,Belonia,India,Tripura,1276502
10863,Bellary,India,Karnataka,1276509
10864,Belgaum,India,Karnataka,1276533
10865,Beldānga,India,West Bengal,1276548
10866,Bela,India,Uttar Pradesh,1276574
10867,Behror,India,Rajasthan,1276589
10868,Behat,India,Uttar Pradesh,1276600
10869,Begusarai,India,Bihar,1276609
10870,Begūn,India,Rajasthan,1276615
10871,Begamganj,India,Madhya Pradesh,1276621
10872,Bedi,India,Gujarat,1276627
10873,Beāwar,India,Rajasthan,1276634
10874,Bāzpur,India,Uttarakhand,1276642
10875,Bayāna,India,Rajasthan,1276652
10876,Bawāna,India,NCT,1276663
10877,Bauda,India,Odisha,1276686
10878,Batāla,India,Punjab,1276720
10879,Baswa,India,Rajasthan,1276724
10880,Bāsudebpur,India,Odisha,1276731
10881,Bastī,India,Uttar Pradesh,1276736
10882,Bāsoda,India,Madhya Pradesh,1276752
10883,Basni,India,Rajasthan,1276754
10884,Basmat,India,Maharashtra,1276757
10885,Basi,India,Punjab,1276764
10886,Basi,India,Punjab,1276765
10887,Basi,India,Rajasthan,1276767
10888,Basavana Bāgevādi,India,Karnataka,1276782
10889,Basavakalyān,India,Karnataka,1276783
10890,Barwāni,India,Madhya Pradesh,1276810
10891,Barwāla,India,Haryana,1276815
10892,Bāruni,India,Bihar,1276829
10893,Bāruipur,India,West Bengal,1276832
10894,Bārsi,India,Maharashtra,1276856
10895,Barpeta,India,Assam,1276867
10896,Barpāli,India,Odisha,1276870
10897,Barnāla,India,Punjab,1276895
10898,Bārmer,India,Rajasthan,1276901
10899,Barki Saria,India,Jharkhand,1276919
10900,Barka Kāna,India,Jharkhand,1276927
10901,Barjala,India,Tripura,1276938
10902,Bari Sādri,India,Rajasthan,1276939
10903,Bāri,India,Rajasthan,1276948
10904,Barhiya,India,Bihar,1276954
10905,Bārh,India,Bihar,1276977
10906,Bargi,India,Madhya Pradesh,1276982
10907,Bargarh,India,Odisha,1276988
10908,Bareilly,India,Uttar Pradesh,1277013
10909,Bārdoli,India,Gujarat,1277022
10910,Barddhamān,India,West Bengal,1277029
10911,Bar Bigha,India,Bihar,1277038
10912,Baraut,India,Uttar Pradesh,1277044
10913,Barauli,India,Bihar,1277053
10914,Bārāsat,India,West Bengal,1277065
10915,Bārāsat,India,West Bengal,1277066
10916,Baranagar,India,West Bengal,1277082
10917,Bārān,India,Rajasthan,1277084
10918,Bāramūla,India,Kashmir,1277085
10919,Bārāmati,India,Maharashtra,1277091
10920,Bārākpur,India,West Bengal,1277100
10921,Bāpatla,India,Andhra Pradesh,1277183
10922,Banūr,India,Punjab,1277200
10923,Bantvāl,India,Karnataka,1277201
10924,Bāntva,India,Gujarat,1277202
10925,Bānswāra,India,Rajasthan,1277214
10926,Bānswāda,India,Telangana,1277216
10927,Bānsi,India,Uttar Pradesh,1277232
10928,Bānsdīh,India,Uttar Pradesh,1277238
10929,Bānsbāria,India,West Bengal,1277240
10930,Bannūr,India,Karnataka,1277255
10931,Banmankhi,India,Bihar,1277263
10932,Bānkura,India,West Bengal,1277264
10933,Bānki,India,Odisha,1277273
10934,Bānka,India,Bihar,1277289
10935,Bāngarmau,India,Uttar Pradesh,1277318
10936,Bangārapet,India,Karnataka,1277320
10937,Bangaon,India,Bihar,1277322
10938,Bangaon,India,West Bengal,1277324
10939,Banganapalle,India,Andhra Pradesh,1277330
10940,Bengaluru,India,Karnataka,1277333
10941,Banga,India,Punjab,1277338
10942,Bandipura,India,Kashmir,1277358
10943,Bāndīkūi,India,Rajasthan,1277362
10944,Bānda,India,Uttar Pradesh,1277397
10945,Banda,India,Madhya Pradesh,1277398
10946,Banat,India,Uttar Pradesh,1277409
10947,Bānapur,India,Odisha,1277426
10948,Bāmor Kalān,India,Madhya Pradesh,1277442
10949,Bālurghāt,India,West Bengal,1277508
10950,Bālugaon,India,Odisha,1277514
10951,Balrāmpur,India,Uttar Pradesh,1277525
10952,Bālotra,India,Rajasthan,1277527
10953,Baloda Bāzār,India,Chhattisgarh,1277530
10954,Balod,India,Chhattisgarh,1277535
10955,Bāli,India,West Bengal,1277539
10956,Ballālpur,India,Maharashtra,1277557
10957,Bāli,India,Rajasthan,1277590
10958,Balasore,India,Odisha,1277599
10959,Balarāmpur,India,West Bengal,1277634
10960,Bālāpur,India,Maharashtra,1277636
10961,Balāngīr,India,Odisha,1277643
10962,Bālāghāt,India,Madhya Pradesh,1277661
10963,Bālāchor,India,Punjab,1277666
10964,Bakhtiyārpur,India,Bihar,1277684
10965,Baj Baj,India,West Bengal,1277723
10966,Bairāgnia,India,Bihar,1277748
10967,Byndoor,India,Karnataka,1277759
10968,Bail-Hongal,India,Karnataka,1277765
10969,Baihar,India,Madhya Pradesh,1277776
10970,Baidyabāti,India,West Bengal,1277780
10971,Bahraigh,India,Uttar Pradesh,1277799
10972,Bahjoi,India,Uttar Pradesh,1277808
10973,Baheri,India,Uttar Pradesh,1277814
10974,Baharampur,India,West Bengal,1277820
10975,Bahādurgarh,India,Haryana,1277835
10976,Bahādurganj,India,Bihar,1277836
10977,Bāh,India,Uttar Pradesh,1277841
10978,Bagulā,India,West Bengal,1277844
10979,Bāghpat,India,Uttar Pradesh,1277882
10980,Bāghdogra,India,West Bengal,1277897
10981,Bāgha Purāna,India,Punjab,1277902
10982,Bāgepalli,India,Karnataka,1277909
10983,Bagasra,India,Gujarat,1277924
10984,Bagar,India,Rajasthan,1277930
10985,Bagalkot,India,Karnataka,1277936
10986,Bagaha,India,Bihar,1277939
10987,Bagaha,India,Bihar,1277940
10988,Badvel,India,Andhra Pradesh,1277949
10989,Badūria,India,West Bengal,1277950
10990,Badnāwar,India,Madhya Pradesh,1277970
10991,Badlapur,India,Maharashtra,1277976
10992,Bādāmi,India,Karnataka,1278017
10993,Badagara,India,Kerala,1278023
10994,Bada Barabīl,India,Odisha,1278026
10995,Bachhraon,India,Uttar Pradesh,1278036
10996,Babrāla,India,Uttar Pradesh,1278052
10997,Bābra,India,Gujarat,1278054
10998,Babīna,India,Uttar Pradesh,1278058
10999,Baberu,India,Uttar Pradesh,1278064
11000,Bābai,India,Madhya Pradesh,1278073
11001,Azamgarh,India,Uttar Pradesh,1278083
11002,Ajodhya,India,Uttar Pradesh,1278094
11003,Ayakudi,India,Tamil Nadu,1278100
11004,Avanigadda,India,Andhra Pradesh,1278122
11005,Avinashi,India,Tamil Nadu,1278124
11006,Āvadi,India,Tamil Nadu,1278130
11007,Ausa,India,Maharashtra,1278139
11008,Aurangābād,India,Bihar,1278148
11009,Aurangabad,India,Maharashtra,1278149
11010,Auraiya,India,Uttar Pradesh,1278152
11011,Aurād,India,Karnataka,1278156
11012,Attur,India,Tamil Nadu,1278173
11013,Attingal,India,Kerala,1278176
11014,Attili,India,Andhra Pradesh,1278178
11015,Atraulī,India,Uttar Pradesh,1278190
11016,Atmakūr,India,Andhra Pradesh,1278201
11017,Adirampattinam,India,Tamil Nadu,1278204
11018,Athni,India,Karnataka,1278208
11019,Āthagarh,India,Odisha,1278216
11020,Atarra,India,Uttar Pradesh,1278228
11021,Āsind,India,Rajasthan,1278278
11022,Āsika,India,Odisha,1278279
11023,Asifābād,India,Telangana,1278282
11024,Ashta,India,Madhya Pradesh,1278294
11025,Ashta,India,Maharashtra,1278296
11026,Ashoknagar,India,Madhya Pradesh,1278297
11027,Āsansol,India,West Bengal,1278314
11028,Āsandh,India,Haryana,1278320
11029,Ārvi,India,Maharashtra,1278335
11030,Aruppukkottai,India,Tamil Nadu,1278340
11031,Arumuganeri,India,Tamil Nadu,1278343
11032,Arukutti,India,Kerala,1278345
11033,Arsikere,India,Karnataka,1278354
11034,Āron,India,Madhya Pradesh,1278365
11035,Arkalgūd,India,Karnataka,1278393
11036,Ariyalūr,India,Tamil Nadu,1278405
11037,Arcot,India,Tamil Nadu,1278432
11038,Arāria,India,Bihar,1278446
11039,Arantāngi,India,Tamil Nadu,1278448
11040,Ārani,India,Tamil Nadu,1278454
11041,Ārangaon,India,Maharashtra,1278455
11042,Arang,India,Chhattisgarh,1278458
11043,Arāmbāgh,India,West Bengal,1278466
11044,Arakkonam,India,Tamil Nadu,1278471
11045,Arrah,India,Bihar,1278483
11046,Aonla,India,Uttar Pradesh,1278498
11047,Anūpshahr,India,Uttar Pradesh,1278507
11048,Anūppur,India,Madhya Pradesh,1278508
11049,Anūpgarh,India,Rajasthan,1278510
11050,Anta,India,Rajasthan,1278532
11051,Anshing,India,Maharashtra,1278534
11052,Annur,India,Tamil Nadu,1278539
11053,Annigeri,India,Karnataka,1278540
11054,Ankleshwar,India,Gujarat,1278553
11055,Anjār,India,Gujarat,1278573
11056,Anjangaon,India,Maharashtra,1278580
11057,Anjad,India,Madhya Pradesh,1278588
11058,Angul,India,Odisha,1278593
11059,Angamāli,India,Kerala,1278602
11060,Anekal,India,Karnataka,1278609
11061,Andol,India,Telangana,1278621
11062,Anthiyur,India,Tamil Nadu,1278622
11063,Āndippatti,India,Tamil Nadu,1278625
11064,Anantnag,India,Kashmir,1278667
11065,Anantapur,India,Andhra Pradesh,1278672
11066,Anandpur,India,Punjab,1278676
11067,Ānand,India,Gujarat,1278685
11068,Anakāpalle,India,Andhra Pradesh,1278688
11069,Anaimalai,India,Tamil Nadu,1278692
11070,Amudālavalasa,India,Andhra Pradesh,1278698
11071,Āmta,India,West Bengal,1278703
11072,Amroli,India,Gujarat,1278707
11073,Amroha,India,Uttar Pradesh,1278708
11074,Amritsar,India,Punjab,1278710
11075,Amreli,India,Gujarat,1278715
11076,Amrāvati,India,Maharashtra,1278718
11077,Amod,India,Gujarat,1278742
11078,Āmli,India,Dadra and Nagar Haveli,1278768
11079,Āmlāgora,India,West Bengal,1278774
11080,Amla,India,Madhya Pradesh,1278775
11081,Amet,India,Rajasthan,1278808
11082,Ambur,India,Tamil Nadu,1278815
11083,Ambikāpur,India,Chhattisgarh,1278827
11084,Ambattūr,India,Tamil Nadu,1278840
11085,Ambasamudram,India,Tamil Nadu,1278841
11086,Ambāla,India,Haryana,1278860
11087,Ambājogāi,India,Maharashtra,1278862
11088,Ambāh,India,Madhya Pradesh,1278868
11089,Ambad,India,Maharashtra,1278871
11090,Amarpur,India,Bihar,1278895
11091,Amarpātan,India,Madhya Pradesh,1278899
11092,Amarnāth,India,Maharashtra,1278903
11093,Amalner,India,Maharashtra,1278931
11094,Amalāpuram,India,Andhra Pradesh,1278935
11095,Aluva,India,Kerala,1278941
11096,Alwar,India,Rajasthan,1278946
11097,Alot,India,Madhya Pradesh,1278964
11098,Along,India,Arunachal Pradesh,1278969
11099,Alnāvar,India,Karnataka,1278973
11100,Almora,India,Uttarakhand,1278974
11101,Alleppey,India,Kerala,1278985
11102,Allahābād,India,Uttar Pradesh,1278994
11103,Alīpur,India,NCT,1279005
11104,Alīgarh,India,Uttar Pradesh,1279017
11105,Alīganj,India,Uttar Pradesh,1279023
11106,Alībāg,India,Maharashtra,1279027
11107,Ālangulam,India,Tamil Nadu,1279058
11108,Ālangāyam,India,Tamil Nadu,1279061
11109,Alandur,India,Tamil Nadu,1279064
11110,Alandi,India,Maharashtra,1279066
11111,Aland,India,Karnataka,1279068
11112,Akot,India,Maharashtra,1279094
11113,Akola,India,Maharashtra,1279105
11114,Aklera,India,Rajasthan,1279115
11115,Akivīdu,India,Andhra Pradesh,1279123
11116,Akbarpur,India,Uttar Pradesh,1279134
11117,Akbarpur,India,Uttar Pradesh,1279135
11118,Akaltara,India,Chhattisgarh,1279144
11119,Akalkot,India,Maharashtra,1279147
11120,Ajra,India,Maharashtra,1279154
11121,Ajnāla,India,Punjab,1279158
11122,Ajmer,India,Rajasthan,1279159
11123,Aizawl,India,Mizoram,1279186
11124,Ahraura,India,Uttar Pradesh,1279219
11125,Ahmadpur,India,Maharashtra,1279227
11126,Ahmadnagar,India,Maharashtra,1279228
11127,Ahmedabad,India,Gujarat,1279233
11128,Āgra,India,Uttar Pradesh,1279259
11129,Agartala,India,Tripura,1279290
11130,Agar,India,Madhya Pradesh,1279299
11131,Afzalpur,India,Karnataka,1279306
11132,Afzalgarh,India,Uttar Pradesh,1279307
11133,Adūr,India,Kerala,1279323
11134,Adra,India,West Bengal,1279334
11135,Ādoni,India,Andhra Pradesh,1279335
11136,Ādilābād,India,Telangana,1279344
11137,Addanki,India,Andhra Pradesh,1279356
11138,Achhnera,India,Uttar Pradesh,1279382
11139,Achalpur,India,Maharashtra,1279390
11140,Ābu Road,India,Rajasthan,1279394
11141,Ābu,India,Rajasthan,1279396
11142,Abohar,India,Punjab,1279403
11143,Abhayāpuri,India,Assam,1279407
11144,Contai,India,West Bengal,1344069
11145,Haldia,India,West Bengal,1344377
11146,Srirāmpur,India,West Bengal,1348562
11147,Dumjor,India,West Bengal,1348739
11148,Bankra,India,West Bengal,1348747
11149,Chakapara,India,West Bengal,1348753
11150,Mahiari,India,West Bengal,1348775
11151,Dhulagari,India,West Bengal,1348780
11152,Pānchla,India,West Bengal,1348785
11153,Nangi,India,West Bengal,1348818
11154,Pujali,India,West Bengal,1348820
11155,Monoharpur,India,West Bengal,1349041
11156,Nabagrām,India,West Bengal,1349357
11157,Soyībug,India,Kashmir,1430991
11158,Singāpur,India,Telangana,1445156
11159,Ghatkesar,India,Telangana,1445378
11160,Vijayapura,India,Karnataka,1462711
11161,Ādampur,India,Punjab,1462733
11162,Porur,India,Tamil Nadu,1465622
11163,Madipakkam,India,Tamil Nadu,1465825
11164,Perungudi,India,Tamil Nadu,1465828
11165,Madambakkam,India,Tamil Nadu,1465910
11166,Powai,India,Maharashtra,6324621
11167,Navi Mumbai,India,Maharashtra,6619347
11168,Murudeshwara,India,Karnataka,6941937
11169,Shivaji Nagar,India,Maharashtra,6943660
11170,Greater Noida,India,Uttar Pradesh,6954929
11171,Mohali,India,Punjab,6992326
11172,Pithampur,India,Madhya Pradesh,7279595
11173,Barbil,India,Odisha,7279597
11174,Airoli,India,Maharashtra,7279599
11175,Aluva,India,Kerala,7279600
11176,Kotkapura,India,Punjab,7279734
11177,Muvattupuzha,India,Kerala,7279735
11178,Perumbavoor,India,Kerala,7279739
11179,Vapi,India,Gujarat,7279741
11180,Baddi,India,Himachal Pradesh,7279742
11181,Noida,India,Uttar Pradesh,7279746
11182,Bhiwadi,India,Rajasthan,7279747
11183,Mandideep,India,Madhya Pradesh,7279752
11184,Singrauli,India,Madhya Pradesh,7279754
11185,Birpara,India,West Bengal,7284803
11186,Jaigaon,India,West Bengal,7284820
11187,Akkarampalle,India,Andhra Pradesh,7302805
11188,Bellampalli,India,Telangana,7302806
11189,Chemmumiahpet,India,Andhra Pradesh,7302808
11190,Gaddi Annaram,India,Telangana,7302810
11191,Dasnapur,India,Telangana,7302812
11192,Kanuru,India,Andhra Pradesh,7302825
11193,Lal Bahadur Nagar,India,Telangana,7302826
11194,Malkajgiri,India,Telangana,7302828
11195,Mandamarri,India,Telangana,7302829
11196,Chinnachowk,India,Andhra Pradesh,7302830
11197,Kyathampalle,India,Telangana,7302832
11198,Gajuwaka,India,Andhra Pradesh,7302833
11199,Manuguru,India,Telangana,7302836
11200,Kalyandurg,India,Andhra Pradesh,7302838
11201,Ponnur,India,Andhra Pradesh,7302844
11202,Quthbullapur,India,Telangana,7302845
11203,Ramanayyapeta,India,Andhra Pradesh,7302846
11204,Palwancha,India,Telangana,7302847
11205,Barpeta Road,India,Assam,7302849
11206,Sathupalli,India,Telangana,7302851
11207,Yanamalakuduru,India,Andhra Pradesh,7302853
11208,Marigaon,India,Assam,7302854
11209,Naharlagun,India,Arunachal Pradesh,7302855
11210,Serilingampalle,India,Telangana,7302856
11211,Silapathar,India,Assam,7302857
11212,Lumding Railway Colony,India,Assam,7302859
11213,Aistala,India,West Bengal,7302860
11214,Ashoknagar Kalyangarh,India,West Bengal,7302861
11215,Bahula,India,West Bengal,7302862
11216,Bhawanipur,India,Bihar,7626554
11217,Zira,India,Punjab,7645176
11218,Ramagundam,India,Telangana,8347656
11219,Cherpulassery,India,Kerala,8504418
11220,Kirandul,India,Chhattisgarh,8581647
11221,Shiraguppi,India,Maharashtra,8714565
11222,V.S.K.Valasai (Dindigul-Dist.),India,Tamil Nadu,8948694
11223,Neelankarai,India,Tamil Nadu,9212568
11224,Injambakkam,India,Tamil Nadu,9212569
11225,Kultali,India,West Bengal,9781227
11226,Shahbazpur,India,Bihar,9794300
11227,Kumbalam,India,Kerala,10627510
11228,Aroor,India,Kerala,10628607
11229,Kadakkavoor,India,Kerala,10628608
11230,Kalavoor,India,Kerala,10629189
11231,Kalamassery,India,Kerala,10630431
11232,Cherthala,India,Kerala,10792588
